"province","type","t_start","t_end","Rt_mean","Rt_std","Rt_li_95","Rt_li_90","Rt_li_50","Rt_median","Rt_ui_50","Rt_ui_90","Rt_ui_95","date_start","date_end","date_mid"
"EC","cases",23,30,2.06038169136744,0.485636621932841,1.22111277047374,1.33172822239211,1.71544169012708,2.02235464790009,2.36392258978651,2.91878593370449,3.11560008684948,2020-03-28,2020-04-04,2020-04-01
"EC","cases",30,37,2.61017171294051,0.365497146552388,1.94344428446361,2.03945202236025,2.35524366636903,2.5931317319864,2.84653265862917,3.23902216861744,3.37371176665055,2020-04-04,2020-04-11,2020-04-08
"EC","cases",37,44,2.66741163177485,0.194540987495112,2.29972945497002,2.35568711204512,2.53374593885442,2.66268367218874,2.79592389563165,2.99526407768543,3.06196060333138,2020-04-11,2020-04-18,2020-04-15
"EC","cases",44,51,1.4047138349956,0.0871166538487343,1.23914171403545,1.26455631717963,1.34501433985324,1.40291333086408,1.46245073007058,1.55101315146356,1.58051757447366,2020-04-18,2020-04-25,2020-04-22
"EC","cases",51,58,1.09057928075157,0.0657644050616114,0.96547969054768,0.984707510436927,1.04553088385529,1.08925765170711,1.13418705772439,1.2009593276684,1.22318923426517,2020-04-25,2020-05-02,2020-04-29
"EC","cases",58,65,1.29004769494372,0.0696560281680245,1.15712085271199,1.17765144982189,1.2424071482331,1.28879422110571,1.33632188989415,1.40671971295441,1.43009766296221,2020-05-02,2020-05-09,2020-05-06
"EC","cases",65,72,1.61629744309117,0.0596586272432964,1.50146811972754,1.51943547973894,1.575668239329,1.61556348900992,1.65612656931809,1.7156630053029,1.73529769518612,2020-05-09,2020-05-16,2020-05-13
"EC","cases",72,79,1.22424238729659,0.041013663142543,1.14516629046481,1.15757104283688,1.19633511922443,1.22378441463249,1.25165042016131,1.29247592541445,1.3059210681231,2020-05-16,2020-05-23,2020-05-20
"EC","cases",79,86,1.51527503587519,0.0426204402359605,1.43288168164156,1.44585876825954,1.48631432881225,1.51487545676766,1.54380015903857,1.58605430814968,1.59993914255353,2020-05-23,2020-05-30,2020-05-27
"EC","cases",86,93,1.52197739030992,0.0345903952343164,1.45492910577196,1.4655316814233,1.49850588734143,1.52171534988376,1.54516323937756,1.5793169442598,1.59051481928399,2020-05-30,2020-06-06,2020-06-03
"EC","cases",93,100,1.75318385648502,0.0288690176994011,1.69705321180953,1.70597033766828,1.73362659189675,1.75302540062066,1.77256838513845,1.80093788278685,1.81021498970089,2020-06-06,2020-06-13,2020-06-10
"EC","deaths",44,51,0.830700747710879,0.4796053003069,0.171310465025751,0.226418965518629,0.478289639312434,0.740447967344717,1.0855603076041,1.74330682304082,2.00051781585195,2020-04-18,2020-04-25,2020-04-22
"EC","deaths",51,58,1.14401704036802,0.467043000991774,0.419834091180327,0.498222232348914,0.804474571851722,1.08112683692,1.41528289756767,2.00451518026404,2.224795121903,2020-04-25,2020-05-02,2020-04-29
"EC","deaths",58,65,1.62878594794671,0.49109744119478,0.813084076734296,0.913453853249811,1.27634771974641,1.57970357970211,1.92783586239706,2.51162039428502,2.72308668172504,2020-05-02,2020-05-09,2020-05-06
"EC","deaths",65,72,1.73293014692644,0.463145063215039,0.947409037019592,1.04767232099584,1.40225957518813,1.69184913148929,2.01889420113705,2.55837046036684,2.75169451890628,2020-05-09,2020-05-16,2020-05-13
"EC","deaths",72,79,1.67840734419509,0.34997212392393,1.06396628076255,1.14711827282041,1.43101411558871,1.65414627091223,1.89938039344892,2.29247165938037,2.43064502477142,2020-05-16,2020-05-23,2020-05-20
"EC","deaths",79,86,1.26456005219422,0.227121690105337,0.85920720305646,0.915562354537998,1.1048770644576,1.25098893190429,1.4094601607116,1.65985775507892,1.74700461738622,2020-05-23,2020-05-30,2020-05-27
"EC","deaths",86,93,0.709440755748494,0.162756871617727,0.427129678780927,0.464569892939128,0.593961822885718,0.697033994746727,0.811411792787796,0.996643668528678,1.06221055492353,2020-05-30,2020-06-06,2020-06-03
"EC","deaths",93,100,3.34131315543935,0.312942649343575,2.75617132131469,2.84376169676325,3.12525195570142,3.3315483287905,3.54673166197787,3.87217480234044,3.98194152146701,2020-06-06,2020-06-13,2020-06-10
"FS","cases",23,30,0.681691251786905,0.112069351448689,0.479973551542436,0.508405621911044,0.603133620634028,0.675559822451577,0.753569142041278,0.875894649128262,0.918241330961984,2020-03-28,2020-04-04,2020-04-01
"FS","cases",30,37,0.312685982717334,0.0988799897794823,0.149945082696177,0.169644831203522,0.241577649689142,0.302327153091534,0.372529265118056,0.491080103073759,0.534217855673951,2020-04-04,2020-04-11,2020-04-08
"FS","cases",37,44,0.62244637646832,0.20748212548944,0.284622119142039,0.32472526324241,0.472896384764311,0.599550805832455,0.747104742630466,0.998310601201491,1.09019333463265,2020-04-11,2020-04-18,2020-04-15
"FS","cases",44,51,1.37634782856942,0.367844429966931,0.752462165414861,0.832094430703048,1.11371882174475,1.34371998924617,1.60346950785912,2.03193858335683,2.18548265358546,2020-04-18,2020-04-25,2020-04-22
"FS","cases",51,58,1.32717903069527,0.354703515983744,0.72558112607927,0.802368599756687,1.07393221075999,1.2957167918136,1.54618699068376,1.95934939084028,2.10740823618815,2020-04-25,2020-05-02,2020-04-29
"FS","cases",58,65,1.43812969332787,0.329929578995859,0.865848020400751,0.941744257358065,1.20403871256858,1.41297955746369,1.64483839315572,2.02032776065439,2.15324046049499,2020-05-02,2020-05-09,2020-05-06
"FS","cases",65,72,1.26783245181837,0.290860712358824,0.763317956440035,0.830226881714164,1.0614615358561,1.24566048877207,1.45006358085408,1.78108908407275,1.8982628236169,2020-05-09,2020-05-16,2020-05-13
"FS","cases",72,79,1.70975501348338,0.267018872363604,1.22694971674007,1.29549994392829,1.52289181577685,1.69587483647405,1.88149582466749,2.17136255837859,2.27141566400801,2020-05-16,2020-05-23,2020-05-20
"FS","cases",79,86,1.1631995609744,0.164501259487642,0.863349134535048,0.906475196669176,1.04842921638151,1.15545415517076,1.26953043696919,1.44634691722166,1.50705527685882,2020-05-23,2020-05-30,2020-05-27
"FS","cases",86,93,1.5427146567743,0.145772833062827,1.27026647606295,1.31102196473726,1.4420512879207,1.53812568134918,1.63837651584334,1.79006146790969,1.84123865355732,2020-05-30,2020-06-06,2020-06-03
"FS","cases",93,100,1.14893931980041,0.107608026529339,0.947733258108317,0.977851963451785,1.07464481452244,1.14558160001601,1.21957424331621,1.3314806713962,1.36922490360164,2020-06-06,2020-06-13,2020-06-10
"FS","deaths",30,37,2.79260857660816,1.61231331344598,0.575903025502211,0.761164049456397,1.60789038956252,2.48920125549064,3.6493828057751,5.86056242166488,6.72524158140037,2020-04-04,2020-04-11,2020-04-08
"FS","deaths",37,44,1.02992234820313,0.728265076510002,0.124728374457293,0.182997380779888,0.495021240492483,0.864283536528803,1.38660223842345,2.44290604216916,2.86918002227311,2020-04-11,2020-04-18,2020-04-15
"FS","deaths",44,51,1.12790037075444,0.797546000663285,0.136593967534952,0.200406189834439,0.542113336657763,0.946504096147195,1.51851174172045,2.67530327455078,3.14212932317575,2020-04-18,2020-04-25,2020-04-22
"FS","deaths",51,58,0.825437885990201,0.825437885990201,0.0208982779004581,0.0423394284847327,0.237463681721878,0.572149943401469,1.14429988680294,2.47279091487502,3.04494085827649,2020-04-25,2020-05-02,2020-04-29
"FS","deaths",58,65,2.07206580098346,1.46517177894014,0.250936781375913,0.368166216652258,0.995916425130905,1.73882270009853,2.78965796092977,4.91479971652799,5.77240586282,2020-05-02,2020-05-09,2020-05-06
"FS","deaths",65,72,1.47599233184176,1.47599233184176,0.037368890443854,0.0757085091909267,0.424616532947175,1.02307992334422,2.04615984668843,4.42167786401658,5.44475778736079,2020-05-09,2020-05-16,2020-05-13
"FS","deaths",72,79,3.66844246516877,3.66844246516877,0.0928769219345579,0.188166499309693,1.05534513104987,2.54277055177811,5.08554110355622,10.989671486582,13.5324420383602,2020-05-16,2020-05-23,2020-05-20
"FS","deaths",79,86,12.3512147233209,7.13097714532821,2.54711741107212,3.36649421378167,7.11141533382084,11.0092977059702,16.1405758828077,25.9202329591518,29.7445562309958,2020-05-23,2020-05-30,2020-05-27
"FS","deaths",86,93,1.15296002846047,0.815265854561435,0.13962880834172,0.204858808744443,0.55415799503963,0.967533496688078,1.55224999153116,2.73474308506811,3.21194106129426,2020-05-30,2020-06-06,2020-06-03
"FS","deaths",93,100,0.654670253514438,0.654670253514438,0.0165748157715049,0.0335801940402884,0.188336895303566,0.453782840419997,0.907565680839994,1.96121680698897,2.41499964740897,2020-06-06,2020-06-13,2020-06-10
"GP","cases",9,16,4.61546999795869,0.45258406892295,3.77117344615247,3.89710598471168,4.3026837799414,4.60068528366157,4.91214266534007,5.38426847233338,5.5437766138184,2020-03-14,2020-03-21,2020-03-18
"GP","cases",16,23,3.52246018014326,0.15752920821673,3.220434418669,3.26741420706675,3.41496721776954,3.52011215187759,3.62739361404514,3.78551556482843,3.83782925528477,2020-03-21,2020-03-28,2020-03-25
"GP","cases",23,30,0.671704444638271,0.0408031391666791,0.594104636742436,0.606027635193722,0.643751415651662,0.670878420818025,0.698757081138146,0.740198947076425,0.75399825861519,2020-03-28,2020-04-04,2020-04-01
"GP","cases",30,37,0.428897965233041,0.043547990423298,0.347807357000741,0.359868274262383,0.398777702847389,0.427424992876594,0.457412892328375,0.502952361641662,0.518358258916854,2020-04-04,2020-04-11,2020-04-08
"GP","cases",37,44,1.5158783111174,0.100612377263741,1.32508079121827,1.35426818275442,1.44685781030874,1.51365293380708,1.58247312025311,1.68507956841738,1.71932176159721,2020-04-11,2020-04-18,2020-04-15
"GP","cases",44,51,1.17372385653958,0.0669879587461145,1.04608767842728,1.06575443832365,1.1278734841283,1.17244970124451,1.21818534455341,1.28603960266912,1.30860065575494,2020-04-18,2020-04-25,2020-04-22
"GP","cases",51,58,1.03645331899802,0.0647783324373763,0.91336720788016,0.932253307539258,0.99205668136276,1.03510408324674,1.07937925386438,1.14525578415692,1.16720664661256,2020-04-25,2020-05-02,2020-04-29
"GP","cases",58,65,1.39689255670634,0.0693266135567379,1.26430245753317,1.28484970666053,1.34952841639835,1.39574585023293,1.44300671387318,1.512846972189,1.53599909125236,2020-05-02,2020-05-09,2020-05-06
"GP","cases",65,72,1.13189723457278,0.0561060628982273,1.02458870265873,1.0412188884292,1.09356599208495,1.13097034490668,1.16921810810489,1.22573732223601,1.2444730403794,2020-05-09,2020-05-16,2020-05-13
"GP","cases",72,79,0.985409625274806,0.0500911863487985,0.889666216681489,0.904489741688226,0.951176978851326,0.984560995996301,1.01871721434173,1.06922429590094,1.08597556649333,2020-05-16,2020-05-23,2020-05-20
"GP","cases",79,86,2.14719089380615,0.0637342274481213,2.02407546661352,2.04344389951789,2.10386600521751,2.1465603273594,2.18982839908716,2.25308881488091,2.27388973826231,2020-05-23,2020-05-30,2020-05-27
"GP","cases",86,93,1.65825911302066,0.0381637812336351,1.58429481907954,1.5959885657785,1.63236094037297,1.6579663504757,1.68383814125888,1.7215283014923,1.7338871412524,2020-05-30,2020-06-06,2020-06-03
"GP","cases",93,100,1.98033055369759,0.0315292895068723,1.91901110392981,1.92875643745707,1.95897414851655,1.98016322790092,2.00150455357556,2.03247543352346,2.04260089914016,2020-06-06,2020-06-13,2020-06-10
"GP","deaths",30,37,2.57608107397066,1.48730110151126,0.531249848928203,0.702146487128914,1.48322111314368,2.2961987216131,3.36642451662508,5.40615826497654,6.20379372205764,2020-04-04,2020-04-11,2020-04-08
"GP","deaths",37,44,1.63490920936867,0.817454604684337,0.445457734078427,0.558451632444035,1.0362545907835,1.50087148391439,2.08836251250741,3.16913111594969,3.58342387069292,2020-04-11,2020-04-18,2020-04-15
"GP","deaths",44,51,0.91912016025962,0.530654271943504,0.189544673581321,0.250518897986751,0.52919857258677,0.81926091469783,1.20110685664608,1.92886361423216,2.21345202899472,2020-04-18,2020-04-25,2020-04-22
"GP","deaths",51,58,1.52414807560649,0.762074037803247,0.415279052970679,0.520617888768001,0.966050855503443,1.39919108096781,1.94688101722543,2.9544301689906,3.3406555943911,2020-04-25,2020-05-02,2020-04-29
"GP","deaths",58,65,1.63615200272937,0.578467088090943,0.706374304134774,0.814153896766786,1.21813763217996,1.56850722934735,1.98064996503091,2.68903909124537,2.94971114722061,2020-05-02,2020-05-09,2020-05-06
"GP","deaths",65,72,1.32049423913434,0.417576943279556,0.63322831476528,0.716421696797567,1.02019889713605,1.2767481948564,1.57321650373447,2.07386478097615,2.25603845343415,2020-05-09,2020-05-16,2020-05-13
"GP","deaths",72,79,0.890655102189964,0.36360842286197,0.326854725225731,0.387882485669343,0.626310060706199,0.841692998827653,1.10184454364013,1.56058136349531,1.73207658341593,2020-05-16,2020-05-23,2020-05-20
"GP","deaths",79,86,0.989145478664978,0.442359305986292,0.321172844491952,0.389752907507969,0.666407168243713,0.924041680534746,1.24126495131266,1.81083239181448,2.0260842265244,2020-05-23,2020-05-30,2020-05-27
"GP","deaths",86,93,2.62321310607651,0.829532820320664,1.25793264764257,1.4231995330392,2.02666474298781,2.53630988962316,3.12525570274167,4.11981295522613,4.48170803285039,2020-05-30,2020-06-06,2020-06-03
"GP","deaths",93,100,1.92148445869626,0.384296891739252,1.24348342931181,1.33597938656108,1.65025093333376,1.89592628410199,2.16488292720425,2.59418873344482,2.74465590179694,2020-06-06,2020-06-13,2020-06-10
"KZN","cases",2,9,3.32424003302806,1.0512169993482,1.59410230776137,1.80353508136894,2.56827020898931,3.21411281901562,3.96044838920537,5.2207909157766,5.67939875896236,2020-03-07,2020-03-14,2020-03-11
"KZN","cases",9,16,1.77768022346056,0.44442005586514,1.01609784523886,1.11504511290435,1.46125906771278,1.74078553084414,2.05394184778017,2.56620692458137,2.74876236324538,2020-03-14,2020-03-21,2020-03-18
"KZN","cases",16,23,4.52805469652639,0.362534519441612,3.84537856299881,3.9486902259002,4.27854307508536,4.51838304992364,4.76702459151771,5.1404110915716,5.2656895367169,2020-03-21,2020-03-28,2020-03-25
"KZN","cases",23,30,0.725273390308863,0.077314403183756,0.581690467266942,0.60295742254097,0.671737399561663,0.722528000299424,0.77581736218858,0.856954674033758,0.884455887826794,2020-03-28,2020-04-04,2020-04-01
"KZN","cases",30,37,1.75475246356734,0.125660433941791,1.51709326479542,1.55330032813144,1.66844056517521,1.75175379996626,1.83779583359424,1.96643357334471,2.00945171381915,2020-04-04,2020-04-11,2020-04-08
"KZN","cases",37,44,1.1300994532551,0.0783582985593285,0.981728991066199,1.00437344696507,1.07630704309349,1.1282889133156,1.18191836894149,1.26200152270347,1.28875843838497,2020-04-11,2020-04-18,2020-04-15
"KZN","cases",44,51,1.44302299141096,0.0833129712537938,1.28433507693716,1.30877393134591,1.38598961519259,1.44141994963001,1.49830898587395,1.58274026089588,1.61082047597685,2020-04-18,2020-04-25,2020-04-22
"KZN","cases",51,58,0.777185413070837,0.0549553075821657,0.673201434837724,0.689054479803481,0.739446591166679,0.775890488545211,0.81351276941827,0.869733561037513,0.888527874753386,2020-04-25,2020-05-02,2020-04-29
"KZN","cases",58,65,1.15579844041373,0.0698243373290496,1.02298331454121,1.04339527329197,1.10796772373806,1.15439266409096,1.20209681429529,1.2729969235637,1.29660210829377,2020-05-02,2020-05-09,2020-05-06
"KZN","cases",65,72,1.01793321637326,0.0609420675899351,0.901981295077962,0.919809110065797,0.976192514027716,1.01671730630683,1.0583485343878,1.12020497473408,1.14079474095232,2020-05-09,2020-05-16,2020-05-13
"KZN","cases",72,79,1.14085657811401,0.0667635813443579,1.01374130899115,1.03330591023341,1.09514360822586,1.13955449505457,1.18515022674995,1.2528488434062,1.27537115729127,2020-05-16,2020-05-23,2020-05-20
"KZN","cases",79,86,2.23785678261214,0.0823208924650506,2.07939785980999,2.1041942819911,2.18179571566077,2.23684745593478,2.29281759030102,2.37496220842694,2.40205152763591,2020-05-23,2020-05-30,2020-05-27
"KZN","cases",86,93,0.893024587419332,0.0368277132813933,0.822292674288556,0.833324029102446,0.867916453873417,0.892518388705288,0.917580922163075,0.954451848782502,0.966633124272959,2020-05-30,2020-06-06,2020-06-03
"KZN","cases",93,100,1.07016643163705,0.0401909439624235,0.992832864222133,1.00492738516148,1.04279079560445,1.06966333951693,1.09699365155345,1.13712158161873,1.15035897913855,2020-06-06,2020-06-13,2020-06-10
"KZN","deaths",30,37,2.21230275974123,0.667034379702675,1.10437356678361,1.24070107738118,1.73360261754713,2.14563650512438,2.61848808561103,3.41141494786575,3.69863958403452,2020-04-04,2020-04-11,2020-04-08
"KZN","deaths",37,44,1.78565319254917,0.51547367569879,0.922673061544231,1.03035351506435,1.41641378152952,1.73630415967146,2.10120415434773,2.70935882920922,2.92877457559612,2020-04-11,2020-04-18,2020-04-15
"KZN","deaths",44,51,0.999649782716963,0.316117017587803,0.479370926813217,0.542350562624868,0.772318103045039,0.96653284637513,1.19096735867312,1.56997161838906,1.70788200579732,2020-04-18,2020-04-25,2020-04-22
"KZN","deaths",51,58,0.661682053417901,0.270130567138476,0.24282565184315,0.288164160258512,0.465295854731407,0.625307316426248,0.818578098739292,1.15938108767836,1.2867876550347,2020-04-25,2020-05-02,2020-04-29
"KZN","deaths",58,65,1.62113846297412,0.488791637718055,0.809266479789702,0.909164999564224,1.27035500473136,1.57228654654183,1.91878427657887,2.49982782003893,2.71030122977304,2020-05-02,2020-05-09,2020-05-06
"KZN","deaths",65,72,0.686478157018781,0.280253534043701,0.251925384847774,0.298962924309798,0.4827325135608,0.64874030047108,0.849253779357959,1.20282813813783,1.33500918354942,2020-05-09,2020-05-16,2020-05-13
"KZN","deaths",72,79,0.866114832638566,0.433057416319283,0.235987141419233,0.295847157382993,0.548969610253756,0.79510657023241,1.10633773278913,1.67888923150684,1.89836631187412,2020-05-16,2020-05-23,2020-05-20
"KZN","deaths",79,86,1.3786241418763,0.616539459331545,0.447635506284973,0.543219151526808,0.928806763288433,1.2878855500654,1.73001632748113,2.52385246264933,2.82386027981569,2020-05-23,2020-05-30,2020-05-27
"KZN","deaths",86,93,1.44361556976707,0.589353588444422,0.529781471220005,0.628698128125454,1.01515272625069,1.36425549585228,1.78592132324923,2.52946347996067,2.80743097715379,2020-05-30,2020-06-06,2020-06-03
"KZN","deaths",93,100,1.23492879680962,0.390518774604967,0.592196359274926,0.669998972971299,0.954092005257544,1.19401741058445,1.47127515327251,1.93948240197977,2.10985157699899,2020-06-06,2020-06-13,2020-06-10
"LP","cases",16,23,4.69802409811873,1.48564566524136,2.25288516542763,2.54886867070055,3.62964022225598,4.54238542577598,5.59715357103555,7.37834852172685,8.02648183263894,2020-03-21,2020-03-28,2020-03-25
"LP","cases",23,30,1.34114323294164,0.38715470328035,0.692988278950764,0.773863396337041,1.06382010015715,1.30407885685096,1.57814280196781,2.03490704385733,2.19970273021764,2020-03-28,2020-04-04,2020-04-01
"LP","cases",30,37,0.835618638838952,0.295435803004448,0.360760817789095,0.415806214756821,0.622129550569082,0.801070972507364,1.01156128833667,1.373351119861,1.50648204427023,2020-04-04,2020-04-11,2020-04-08
"LP","cases",37,44,0.91257463229034,0.37255703355322,0.334898806453604,0.397428494892366,0.641723908551523,0.862407543635979,1.12896156635843,1.59898816101672,1.77470397612158,2020-04-11,2020-04-18,2020-04-15
"LP","cases",44,51,0.856502249310289,0.428251124655145,0.233368035989086,0.292563695022564,0.542876866053567,0.786282072748704,1.094059033424,1.66025606413845,1.87729727613796,2020-04-18,2020-04-25,2020-04-22
"LP","cases",51,58,1.9421281917231,0.686646007150484,0.838473104992951,0.966408519913984,1.44594110627192,1.86183319395468,2.35105059224633,3.19191531046087,3.50133555250404,2020-04-25,2020-05-02,2020-04-29
"LP","cases",58,65,1.73340416215478,0.500390679817239,0.895675225101033,1.00020489922438,1.37496886544449,1.6854991045851,2.03972195826204,2.63008174875073,2.84307728988735,2020-05-02,2020-05-09,2020-05-06
"LP","cases",65,72,1.26541407312148,0.30690799315429,0.737150329561348,0.806302520521104,1.04717032911781,1.24069038941964,1.45674389860171,1.80888587216454,1.93407357775502,2020-05-09,2020-05-16,2020-05-13
"LP","cases",72,79,2.69044169728429,0.326263979337329,2.08923325146774,2.17720112938282,2.46378899920526,2.67726481256999,2.90273492243797,3.24863319234171,3.36651929492042,2020-05-16,2020-05-23,2020-05-20
"LP","cases",79,86,0.95834137796251,0.134194634526086,0.713548102729236,0.748797962872451,0.86474290157822,0.952085039060723,1.04512282351446,1.18922787835557,1.23868003291548,2020-05-23,2020-05-30,2020-05-27
"LP","cases",86,93,1.26555080284259,0.14914659243768,0.990215560941799,1.03061783082648,1.16201727834537,1.25969661807745,1.36270462194705,1.52045434640104,1.57414902266717,2020-05-30,2020-06-06,2020-06-03
"LP","cases",93,100,1.3673746519868,0.150088866803992,1.08910627768483,1.13021474811567,1.26337291749665,1.36188712550915,1.46539599186444,1.62325415543313,1.67682341601069,2020-06-06,2020-06-13,2020-06-10
"LP","deaths",44,51,1.04357806824741,1.04357806824741,0.026421109148504,0.0535285570710055,0.30021870143864,0.723353195699884,1.44670639139977,3.12628049902188,3.84963369472177,2020-04-18,2020-04-25,2020-04-22
"LP","deaths",51,58,1.85402493317009,1.31099360273351,0.224531020732826,0.329424550562155,0.891117397270853,1.55584858300093,2.4961057762381,4.39762154833854,5.16498288276655,2020-04-25,2020-05-02,2020-04-29
"LP","deaths",58,65,2.50310045209412,1.76995930366687,0.303137077312395,0.444752779043336,1.20308865327054,2.10053555474076,3.36996735329402,5.93718471032836,6.97319154538319,2020-05-02,2020-05-09,2020-05-06
"LP","deaths",65,72,0.931262256621904,0.931262256621904,0.0235775189961699,0.047767509080922,0.267907455981112,0.645501807539365,1.29100361507873,2.78981239730496,3.43531420484432,2020-05-09,2020-05-16,2020-05-13
"LP","deaths",72,79,2.3377800530808,2.3377800530808,0.0591874664934026,0.119912440476017,0.672537410606718,1.62042565256223,3.24085130512447,7.0033631534849,8.62378880604713,2020-05-16,2020-05-23,2020-05-20
"LP","deaths",79,86,4.36422874581378,4.36422874581378,0.110492705386031,0.223855669833637,1.25551037024934,3.02505285047949,6.05010570095897,13.0740609030064,16.0991137534859,2020-05-23,2020-05-30,2020-05-27
"LP","deaths",86,93,4.92457844786256,4.92457844786256,0.124679531546557,0.252597852060801,1.41671293383248,3.4134576665822,6.82691533316441,14.7527185899103,18.1661762564925,2020-05-30,2020-06-06,2020-06-03
"LP","deaths",93,100,9.98536042221273,7.06071606713839,1.2092734719328,1.77420638225407,4.79935745795995,8.37944980442612,13.4434631281293,23.6845985051383,27.8174337012822,2020-06-06,2020-06-13,2020-06-10
"MP","cases",9,16,3.24209040825079,1.44990690840976,1.05269793066572,1.27748060348505,2.18426140012139,3.02870177734525,4.06845431693236,5.93530724760055,6.64083128195524,2020-03-14,2020-03-21,2020-03-18
"MP","cases",16,23,1.60922893751477,0.568948347099157,0.694750835517912,0.800756902831742,1.1980930404447,1.54269726648641,1.9480581471027,2.64479065057638,2.90117331855409,2020-03-21,2020-03-28,2020-03-25
"MP","cases",23,30,0.906069913090742,0.369901493060036,0.332511689149243,0.394595673696465,0.637149779837996,0.856260409244474,1.1209144678347,1.5875907710139,1.7620541055043,2020-03-28,2020-04-04,2020-04-01
"MP","cases",30,37,1.10901274786298,0.39209521721812,0.478792989124178,0.551847902108416,0.825675218736176,1.0631619247843,1.34251955601277,1.8226782271563,1.99936635430215,2020-04-04,2020-04-11,2020-04-08
"MP","cases",37,44,0.707291672766756,0.353645836383378,0.192713175800682,0.241596406092295,0.448302718418546,0.649304497388974,0.903463878208339,1.3710241739251,1.55025480877525,2020-04-11,2020-04-18,2020-04-15
"MP","cases",44,51,1.37462604133406,0.561188731401738,0.504463530185391,0.598653018960353,0.966639181967691,1.29905853809422,1.70057320669401,2.40858192650169,2.67326552252842,2020-04-18,2020-04-25,2020-04-22
"MP","cases",51,58,3.04461254782592,0.786115579558929,1.70404653091439,1.87676625561155,2.48416104790909,2.97722832196815,3.53172442449626,4.44239130920951,4.7677863474145,2020-04-25,2020-05-02,2020-04-29
"MP","cases",58,65,1.29277711367505,0.253534451129048,0.844484931628202,0.905866158165242,1.11396375352863,1.27624135590014,1.45358093814158,1.73610420549697,1.83499427231955,2020-05-02,2020-05-09,2020-05-06
"MP","cases",65,72,0.440761993644214,0.146920664548071,0.201544450110027,0.229941983477273,0.334863791028057,0.424549356314162,0.529034127712705,0.706916109558424,0.771979411875932,2020-05-09,2020-05-16,2020-05-13
"MP","cases",72,79,2.15668011440883,0.381250783437166,1.47516760172497,1.57016102392376,1.88878031870682,2.13425677507104,2.40015380931429,2.81969954549688,2.96557166864271,2020-05-16,2020-05-23,2020-05-20
"MP","cases",79,86,0.689574678624858,0.158199280955279,0.415169002612128,0.451560799159746,0.577329438452864,0.677515337289806,0.788690277109516,0.968735207077397,1.03246606021461,2020-05-23,2020-05-30,2020-05-27
"MP","cases",86,93,2.26093018219225,0.294348038223285,1.72112480966135,1.79951432669966,2.05605508610431,2.24816947459626,2.45190007639655,2.76587774613962,2.87323796680957,2020-05-30,2020-06-06,2020-06-03
"MP","cases",93,100,1.8625856880909,0.180910314627166,1.5249325482861,1.57533393131012,1.73758287436256,1.85673178613819,1.98120842914081,2.16980659049139,2.23350208914947,2020-06-06,2020-06-13,2020-06-10
"NC","cases",23,30,1.86305518378217,0.589149778733525,0.893407376857995,1.01078302080873,1.43937533952755,1.80133488834536,2.21961525891669,2.92596848676431,3.1829931634066,2020-03-28,2020-04-04,2020-04-01
"NC","cases",30,37,1.25974642944247,0.419915476480823,0.576036285027327,0.657199569929879,0.957077677250182,1.21340892239129,1.51203793214814,2.02044427099681,2.20640237075161,2020-04-04,2020-04-11,2020-04-08
"NC","cases",37,44,0.255101344803997,0.180383890800714,0.0308939563402856,0.0453265996354043,0.122611752601051,0.214074287100495,0.343447344692719,0.6050831091047,0.710666860898406,2020-04-11,2020-04-18,2020-04-15
"NC","cases",44,51,0.962681786976644,0.555804588854915,0.198528128273924,0.262392221183771,0.554279896743227,0.858089720432907,1.25803322035645,2.02028195144663,2.31835841143754,2020-04-18,2020-04-25,2020-04-22
"NC","cases",51,58,1.29646624477723,0.748515135417398,0.26736250797294,0.35336978663037,0.746461796626509,1.15560964441367,1.69422297904147,2.72076130494694,3.12218789675415,2020-04-25,2020-05-02,2020-04-29
"NC","cases",58,65,1.89868835483175,0.572476078799462,0.947818385798745,1.06482020920428,1.48784839116125,1.84147265922051,2.24729314897066,2.92781528499711,3.17432316892625,2020-05-02,2020-05-09,2020-05-06
"NC","cases",65,72,1.11315839284853,0.393560924058957,0.480582784379738,0.553910786861158,0.828761708352137,1.06713617297109,1.34753808215336,1.82949165366311,2.00684026577609,2020-05-09,2020-05-16,2020-05-13
"NC","cases",72,79,1.34013830958032,0.423788943792165,0.642648410101547,0.727079401968734,1.03537568353186,1.29574148595775,1.59662014678739,2.10471621875268,2.28959996168968,2020-05-16,2020-05-23,2020-05-20
"NC","cases",79,86,1.87982660144965,0.469956650362414,1.07448332604914,1.17911615227042,1.54522373081738,1.84081192169041,2.17196235427067,2.71366243376526,2.90670759751911,2020-05-23,2020-05-30,2020-05-27
"NC","cases",86,93,1.95547999696664,0.271176284507976,1.4604459938645,1.5318133489132,1.76639292215293,1.94295925428729,2.13092409964399,2.42186024502698,2.52165092436379,2020-05-30,2020-06-06,2020-06-03
"NC","cases",93,100,0.991587761141943,0.149487479564381,0.720489185234635,0.759164485812734,0.887090260196523,0.984085933968793,1.08791173193757,1.2496034356143,1.30530624766665,2020-06-06,2020-06-13,2020-06-10
"NC","deaths",79,86,1.04272183794965,1.04272183794965,0.0263994312742352,0.0534846381982794,0.299972379332087,0.722759702083087,1.44551940416617,3.12371546228531,3.8464751643684,2020-05-23,2020-05-30,2020-05-27
"NC","deaths",86,93,2.72267849431461,2.72267849431461,0.0689322513220128,0.139655149531532,0.783265791864322,1.88721692190537,3.77443384381074,8.15641583592967,10.043632757835,2020-05-30,2020-06-06,2020-06-03
"NC","deaths",93,100,4.5309151866915,4.5309151866915,0.114712840689758,0.232405566515991,1.30346307101066,3.14059108701145,6.28118217402291,13.5734088535076,16.7139999405191,2020-06-06,2020-06-13,2020-06-10
"NW","cases",23,30,0.905314791017781,0.369593215764659,0.332234572657054,0.394266816178079,0.636618776815396,0.855546798599334,1.11998029350186,1.586267666895,1.76058560298635,2020-03-28,2020-04-04,2020-04-01
"NW","cases",30,37,1.64529700022555,0.548432333408518,0.752334556880613,0.858338198611689,1.24999523281799,1.58477770874959,1.97480335395085,2.63880954174657,2.88168088199687,2020-04-04,2020-04-11,2020-04-08
"NW","cases",37,44,1.23227462015785,0.389679450251764,0.590923578403583,0.66855897445854,0.952041418429757,1.19145116292615,1.4681130080782,1.93531396010591,2.10531696835691,2020-04-11,2020-04-18,2020-04-15
"NW","cases",44,51,0.458390777442978,0.264652038750745,0.0945311984654707,0.124940739391319,0.263926041009962,0.408588195379052,0.599025382768853,0.961977910983481,1.10391006559689,2020-04-18,2020-04-25,2020-04-22
"NW","cases",51,58,2.2638006341123,0.627865327978446,1.20537849526382,1.3390517086654,1.81482202108532,2.2060265366348,2.64991494293203,3.38570005983339,3.65021919415861,2020-04-25,2020-05-02,2020-04-29
"NW","cases",58,65,1.42274211783234,0.394597665969748,0.75755025742966,0.841560531067113,1.14057028117238,1.386432541555,1.6654053105083,2.12782786650349,2.29407153112046,2020-05-02,2020-05-09,2020-05-06
"NW","cases",65,72,1.94211735672881,0.388423471345761,1.2568359530265,1.35032513176435,1.66797132606527,1.91628473848348,2.18812943772753,2.62204512924969,2.77412801389231,2020-05-09,2020-05-16,2020-05-13
"NW","cases",72,79,1.03985461851405,0.216824676484001,0.659178628370899,0.710695313685138,0.88658253456782,1.0248237088898,1.17675812208155,1.42029719487582,1.50590228511475,2020-05-16,2020-05-23,2020-05-20
"NW","cases",79,86,2.12048916616868,0.259058983194393,1.6433499779189,1.71311128868001,1.94048788545116,2.10994885058907,2.28900422776428,2.56382375929425,2.65751673391359,2020-05-23,2020-05-30,2020-05-27
"NW","cases",86,93,2.93231858379474,0.176504837114692,2.59654560399418,2.64815831970909,2.81141658040713,2.9287778976111,3.04936111945206,3.22855666325008,3.28821206878344,2020-05-30,2020-06-06,2020-06-03
"NW","cases",93,100,1.68302911943183,0.0750425593872878,1.53914275417842,1.56152639750426,1.63182415450348,1.68191392347752,1.73301843604664,1.8083359109271,1.83325289206808,2020-06-06,2020-06-13,2020-06-10
"NW","deaths",72,79,1.15110123104951,1.15110123104951,0.0291433599381911,0.0590437743140943,0.331151187750119,0.797882572841049,1.5957651456821,3.44839110798274,4.24627368082379,2020-05-16,2020-05-23,2020-05-20
"NW","deaths",79,86,3.0638061331198,3.0638061331198,0.0775688553794168,0.157152709932497,0.881402097966382,2.12366858295426,4.24733716590852,9.17834291289964,11.3020114958539,2020-05-23,2020-05-30,2020-05-27
"NW","deaths",86,93,4.64912957178197,4.64912957178197,0.11770576979246,0.238469171771279,1.3374712303071,3.22253105473854,6.44506210947707,13.9275475021215,17.15007855686,2020-05-30,2020-06-06,2020-06-03
"NW","deaths",93,100,18.4470429259583,8.24976839325988,5.98970462564472,7.26868673051047,12.4281431841047,17.2328913328355,23.1489384860319,33.7710716815919,37.7854051850361,2020-06-06,2020-06-13,2020-06-10
"SA","cases",2,9,5.78182832669012,1.18021076506339,3.70452650591261,3.98682086751639,4.94821236154517,5.70172646153776,6.52820996491503,7.8501291191424,8.31409878541854,2020-03-07,2020-03-14,2020-03-11
"SA","cases",9,16,4.2166303998056,0.308350553411399,3.63390662897098,3.72257791706113,4.00475833482688,4.20911651110125,4.42031240612482,4.73631412114882,4.84205208906451,2020-03-14,2020-03-21,2020-03-18
"SA","cases",16,23,3.77802462397837,0.118236594676323,3.54980958697065,3.58566902638314,3.69761720592739,3.7767912562776,3.85708754549857,3.974587367376,4.01324870124562,2020-03-21,2020-03-28,2020-03-25
"SA","cases",23,30,0.708184124545423,0.0294057452238377,0.651714975370799,0.660520020158705,0.688134657959408,0.707777163785068,0.727789970218531,0.757236419875079,0.766965947769689,2020-03-28,2020-04-04,2020-04-01
"SA","cases",30,37,0.930756152267881,0.0400163325016735,0.853967596412754,0.865927649506139,0.903462082786465,0.930182736290269,0.957425152707753,0.997540645527034,1.01080330770794,2020-04-04,2020-04-11,2020-04-08
"SA","cases",37,44,1.42173660406743,0.0487651632085758,1.32775260732845,1.34248715919542,1.38854816973869,1.42117909918798,1.45431730407033,1.50288775814614,1.51888880798603,2020-04-11,2020-04-18,2020-04-15
"SA","cases",44,51,1.67045117326879,0.0415411749472967,1.59001480198623,1.60271434911924,1.6422475428982,1.6701068339694,1.69827943549915,1.73936257246437,1.75284438113028,2020-04-18,2020-04-25,2020-04-22
"SA","cases",51,58,1.33770929267366,0.0299120891255146,1.27971873176336,1.28889146216078,1.31741421147683,1.33748634773206,1.35776133840444,1.38728760973152,1.39696682331683,2020-04-25,2020-05-02,2020-04-29
"SA","cases",58,65,1.45099935431635,0.0254561290230939,1.40153059345661,1.40938317912661,1.43374927751382,1.45085049078027,1.468087152115,1.49312331677629,1.50131409109988,2020-05-02,2020-05-09,2020-05-06
"SA","cases",65,72,1.54119899254289,0.0211839903270622,1.49995560791369,1.50652075107326,1.526858196522,1.5411019346843,1.55543398362848,1.57620830712789,1.58299394767158,2020-05-09,2020-05-16,2020-05-13
"SA","cases",72,79,1.35044579396136,0.0157124209976074,1.31982353143067,1.32470551020058,1.33981497320025,1.35038485650547,1.36101018535938,1.37639394082619,1.38141435844257,2020-05-16,2020-05-23,2020-05-20
"SA","cases",79,86,1.35426004002322,0.0134727234484472,1.32798116454708,1.33217584239252,1.34514863786222,1.35421536292844,1.36332273858382,1.37649663518532,1.38079281143184,2020-05-23,2020-05-30,2020-05-27
"SA","cases",86,93,1.51608634616632,0.0119737471921222,1.49270792965393,1.49644519332456,1.5079930865468,1.5160548241948,1.52414524287933,1.53583502322724,1.53964389930549,2020-05-30,2020-06-06,2020-06-03
"SA","cases",93,100,1.31573884167749,0.00905020247362084,1.29805980550142,1.30088805788161,1.30962331515832,1.31571809137544,1.3218317477542,1.33066040657443,1.33353580004065,2020-06-06,2020-06-13,2020-06-10
"SA","deaths",30,37,2.49322785173934,0.557502695988492,1.52292834408241,1.65234332650495,2.09806961999362,2.45179943323357,2.84327789100168,3.47546483771879,3.69880992547784,2020-04-04,2020-04-11,2020-04-08
"SA","deaths",37,44,2.17458267721495,0.378546255131444,1.49688265603603,1.59157633445016,1.90872342901081,2.15265707731247,2.41655747657242,2.83239088742556,2.97683578619953,2020-04-11,2020-04-18,2020-04-15
"SA","deaths",44,51,1.13820091342892,0.201207396059578,0.778528582206707,0.828661932625268,0.996815183510865,1.12636686110661,1.26669562160833,1.488113409512,1.56509830064126,2020-04-18,2020-04-25,2020-04-22
"SA","deaths",51,58,1.18698314963558,0.183155476337325,0.855473048702584,0.902619595173792,1.05885741511471,1.17757605593447,1.30485975803543,1.50343907828906,1.5719367513863,2020-04-25,2020-05-02,2020-04-29
"SA","deaths",58,65,1.64292723297552,0.188456678424505,1.29443979555866,1.34571073231713,1.5121960600103,1.63572705737343,1.76581174583454,1.96470583459649,2.032325835359,2020-05-02,2020-05-09,2020-05-06
"SA","deaths",65,72,1.32017712764127,0.141537844675036,1.05740776010919,1.09630855554295,1.2221565249322,1.3151224375121,1.41268897522234,1.56128871512718,1.61166769088538,2020-05-09,2020-05-16,2020-05-13
"SA","deaths",72,79,1.79983637545018,0.142289559051113,1.53175640316303,1.57235833734598,1.70192986813309,1.79608810826787,1.89365739878058,2.04010049330521,2.0892157545898,2020-05-16,2020-05-23,2020-05-20
"SA","deaths",79,86,1.42060841008412,0.0911320719972347,1.24759280244024,1.27410592212305,1.35812495150052,1.41866017763917,1.48096825410889,1.5737566301483,1.60469508543887,2020-05-23,2020-05-30,2020-05-27
"SA","deaths",86,93,1.34473595430086,0.0738019734526817,1.20396047308816,1.22568846004833,1.29424881635593,1.34338605905384,1.39375163948924,1.46838813053228,1.4931824866231,2020-05-30,2020-06-06,2020-06-03
"SA","deaths",93,100,1.43657472459294,0.0638005233811341,1.31423298631067,1.33326759338575,1.39304263333366,1.43563034149386,1.47907736614625,1.54310326159983,1.56428318034719,2020-06-06,2020-06-13,2020-06-10
"WC","cases",9,16,4.95156297554573,0.655850537915559,3.75026544287952,3.92437910300173,4.49485050904316,4.92263676425981,5.37675531663077,6.0774256451342,6.31720908329265,2020-03-14,2020-03-21,2020-03-18
"WC","cases",16,23,3.53466496843092,0.219210615610551,3.11803777994132,3.18198824813089,3.38444382811348,3.53013438097556,3.67994764118834,3.90279622473501,3.97703785874576,2020-03-21,2020-03-28,2020-03-25
"WC","cases",23,30,0.726429391349887,0.0583482128215107,0.616570547289905,0.633192443099912,0.686269245226148,0.724867776274747,0.764887438184109,0.82499332265652,0.845162039764926,2020-03-28,2020-04-04,2020-04-01
"WC","cases",30,37,0.962514290132424,0.0742595896769089,0.822468239106595,0.843710941439853,0.911440755138785,0.960605214654771,1.01150698299222,1.08782986232359,1.11340864172853,2020-04-04,2020-04-11,2020-04-08
"WC","cases",37,44,1.29563698223714,0.0902713060061775,1.12473879118529,1.15081458273125,1.23366139428043,1.29354108642757,1.35532803940799,1.44760884458855,1.47844524435541,2020-04-11,2020-04-18,2020-04-15
"WC","cases",44,51,2.529675405232,0.0933084830073717,2.35007549436214,2.37817804807042,2.46613010735883,2.52852825269266,2.59197020114615,2.68508582703193,2.71579437733465,2020-04-18,2020-04-25,2020-04-22
"WC","cases",51,58,1.70806698150655,0.0487224317603495,1.61389586442328,1.62872357916614,1.67495656911464,1.70760373642969,1.74067240756191,1.78899055973676,1.80487065512548,2020-04-25,2020-05-02,2020-04-29
"WC","cases",58,65,1.54359060027495,0.0332435769547499,1.47911513056108,1.48931982588201,1.52103996457391,1.54335195646445,1.56588108672646,1.59867541140519,1.60942225515721,2020-05-02,2020-05-09,2020-05-06
"WC","cases",65,72,1.66723966103391,0.0270284227062556,1.61468115428035,1.62303235855595,1.64893052946462,1.6670936063959,1.68538957546409,1.71194516925501,1.72062818150888,2020-05-09,2020-05-16,2020-05-13
"WC","cases",72,79,1.41254874870596,0.0187856204155001,1.37596680646664,1.3817918363692,1.39983305698949,1.41246547232682,1.42517365895925,1.4435897242701,1.44960394269131,2020-05-16,2020-05-23,2020-05-20
"WC","cases",79,86,1.20786184435622,0.0146744763482782,1.1792696303849,1.18382625890318,1.19793193476548,1.20780241747903,1.21772697132017,1.23210014020733,1.23679177574619,2020-05-23,2020-05-30,2020-05-27
"WC","cases",86,93,1.52853068849002,0.0145363545705752,1.50017111764895,1.50469936253366,1.51870111102013,1.52848460840512,1.53831003291536,1.55251919769449,1.55715212835911,2020-05-30,2020-06-06,2020-06-03
"WC","cases",93,100,1.11237290556438,0.0101723460882975,1.09252372665871,1.09569393698837,1.10549496561696,1.11234189794346,1.11921704332897,1.12915764387607,1.13239829803972,2020-06-06,2020-06-13,2020-06-10
"WC","deaths",30,37,4.25317436258263,1.73635116256909,1.56084003134422,1.85226788651103,2.99083886307208,4.01936403325687,5.26167419132151,7.45229509113262,8.27124180897927,2020-04-04,2020-04-11,2020-04-08
"WC","deaths",37,44,2.8386139476309,0.787289856879265,1.51144237583091,1.6790572453864,2.27563285560283,2.76617013060912,3.32276853522131,4.24538065212904,4.57706520632357,2020-04-11,2020-04-18,2020-04-15
"WC","deaths",44,51,1.89390091995606,0.446396727798789,1.1224457143353,1.2241233340828,1.57683239405337,1.85894649723537,2.17291542933982,2.68294529511616,2.8638566802558,2020-04-18,2020-04-25,2020-04-22
"WC","deaths",51,58,1.63201395875387,0.308421647932055,1.08446142343199,1.15993286910568,1.4147813903593,1.61262687791735,1.82813014021852,2.17023829487502,2.28969124644154,2020-04-25,2020-05-02,2020-04-29
"WC","deaths",58,65,1.7364771139615,0.253291219464282,1.27589806841483,1.34188610982624,1.55959548170741,1.72417732201594,1.89995718347074,2.17302840517219,2.26693591036374,2020-05-02,2020-05-09,2020-05-06
"WC","deaths",65,72,1.46054524666035,0.190146795100929,1.11183471274759,1.16247379811169,1.32819735281243,1.4523019178879,1.58391047634863,1.78673787752742,1.85609183689111,2020-05-09,2020-05-16,2020-05-13
"WC","deaths",72,79,2.03979868705865,0.179594260274261,1.70300782187464,1.75365123338671,1.91596391029525,2.03453031754271,2.15789132430767,2.34391772980667,2.40652631989938,2020-05-16,2020-05-23,2020-05-20
"WC","deaths",79,86,1.47636473517521,0.10362049056709,1.28024594210272,1.3101578683557,1.40521555760302,1.47394119989934,1.54487225874879,1.65083870276337,1.68625542041974,2020-05-23,2020-05-30,2020-05-27
"WC","deaths",86,93,1.41693737323682,0.0819436040603873,1.26086535889554,1.2848995581551,1.36084009873114,1.41535804636357,1.47131311666995,1.55436250303953,1.58198419222042,2020-05-30,2020-06-06,2020-06-03
"WC","deaths",93,100,1.19774218656488,0.063569554797237,1.07637389626325,1.09513253379792,1.15427427753965,1.19661773394065,1.23998438081597,1.30418750102742,1.32550042074928,2020-06-06,2020-06-13,2020-06-10
