"country","type","t_start","t_end","Rt_mean","Rt_std","Rt_li_95","Rt_li_90","Rt_li_50","Rt_median","Rt_ui_50","Rt_ui_90","Rt_ui_95","date_start","date_end","date_mid"
"Brazil","cases",61,68,7.45915075991414,2.06879619509897,3.97168362948928,4.41213259672598,5.97978057506627,7.26878695463513,8.73138507094294,11.1557735224553,12.0273556185472,2020-03-01,2020-03-08,2020-03-05
"Brazil","cases",68,75,4.78905427129516,0.502029297483705,3.8558477620848,3.99427253789514,4.44156455204451,4.77152341740387,5.11743810310671,5.64363867982229,5.82187328231949,2020-03-08,2020-03-15,2020-03-12
"Brazil","cases",75,82,5.18220753812172,0.180094161388935,4.83519429712687,4.88957960961415,5.05962552883081,5.1801214525789,5.30251551376433,5.48195133031502,5.54107565039018,2020-03-15,2020-03-22,2020-03-19
"Brazil","cases",82,89,2.41934901203574,0.0457459120243825,2.3305107315942,2.34459863595587,2.38833871719933,2.41906069148428,2.45004500346257,2.49508287639895,2.50982578701994,2020-03-22,2020-03-29,2020-03-26
"Brazil","cases",89,96,2.13101540152575,0.0271914071270084,2.07805060248469,2.08648763440439,2.11261258182814,2.13089975000942,2.14929214684955,2.17593766635372,2.18463743725655,2020-03-29,2020-04-05,2020-04-02
"Brazil","cases",96,103,1.76155950459624,0.0162654777859279,1.72982224290604,1.73489083044638,1.75056148939212,1.76150944205597,1.77250294537565,1.78839894649734,1.79358126727306,2020-04-05,2020-04-12,2020-04-09
"Brazil","cases",103,110,1.40323443104507,0.0111543598648846,1.3814563888976,1.3849376880193,1.39569490655174,1.40320487568939,1.41074173649069,1.4216319899907,1.42518043371053,2020-04-12,2020-04-19,2020-04-16
"Brazil","cases",110,117,1.3620994786613,0.00906636974143434,1.34438694753546,1.34722101457113,1.3559733901204,1.36207936293903,1.36820363853006,1.37704655924415,1.37992632571611,2020-04-19,2020-04-26,2020-04-23
"Brazil","cases",117,124,1.67868990249683,0.00818162832004907,1.66269200745717,1.66525502953424,1.67316425695944,1.67867661059429,1.68420105817847,1.69217011529976,1.69476333430125,2020-04-26,2020-05-03,2020-04-30
"Brazil","cases",124,131,1.45563307517683,0.00594512435983627,1.44400386057446,1.4458680394654,1.45161875030202,1.45562498145475,1.4596385768689,1.46542571928012,1.46730828572555,2020-05-03,2020-05-10,2020-05-07
"Brazil","cases",131,138,1.36148329897839,0.00472242181053833,1.35224304655099,1.35372492981621,1.35829510477123,1.36147783894034,1.3646655410515,1.36926029280605,1.37075458034764,2020-05-10,2020-05-17,2020-05-14
"Brazil","cases",138,145,1.48577114416748,0.00415329466260645,1.47764183826612,1.47894618921683,1.48296768406658,1.48576727415725,1.48857038546592,1.49260930005988,1.49392244301606,2020-05-17,2020-05-24,2020-05-21
"Brazil","cases",145,152,1.26216393715948,0.0032050725974743,1.25588982253221,1.2568966929479,1.26000067235922,1.26216122422969,1.26432424452175,1.26744043541065,1.26845346914204,2020-05-24,2020-05-31,2020-05-28
"Brazil","cases",152,159,1.30149591876745,0.00285698262585877,1.29590227816445,1.29680016868001,1.29956777550054,1.30149382826342,1.3034217831194,1.306198799746,1.30710143953196,2020-05-31,2020-06-07,2020-06-04
"Brazil","cases",159,166,1.0920888265271,0.00236142355676611,1.08746535956381,1.08820753548582,1.09049514417901,1.09208712449226,1.093680653441,1.09597592335725,1.09672196601359,2020-06-07,2020-06-14,2020-06-11
"Brazil","deaths",82,89,3.73109604367962,0.400015483711262,2.98845497902883,3.09839674434196,3.45406936649402,3.71681043461392,3.99255382936321,4.41252770259746,4.5549092006559,2020-03-22,2020-03-29,2020-03-26
"Brazil","deaths",89,96,2.65334900961778,0.157725227001418,2.3531870668619,2.39935268144918,2.545330347415,2.65022440103099,2.75796173552791,2.91800384467129,2.97126705145658,2020-03-29,2020-04-05,2020-04-02
"Brazil","deaths",96,103,2.22205014314567,0.0807084956167232,2.0666589851849,2.09098383273762,2.16709359439257,2.22107306471865,2.27594158535303,2.35644937580378,2.38299386469659,2020-04-05,2020-04-12,2020-04-09
"Brazil","deaths",103,110,1.60671548830181,0.0463625672705991,1.5171202026822,1.53122395828773,1.57520609795541,1.60626957206914,1.63773878281013,1.68372808391224,1.69884485246782,2020-04-12,2020-04-19,2020-04-16
"Brazil","deaths",110,117,1.45041398029848,0.0347012824073234,1.38319045550312,1.39381133128472,1.42685992106443,1.45013724594032,1.47366636797073,1.50796059706272,1.51921015227876,2020-04-19,2020-04-26,2020-04-23
"Brazil","deaths",117,124,1.59946231244776,0.0291196637859347,1.54289260091588,1.55186801416003,1.57972626213451,1.59928559927879,1.61900572444429,1.6476593957496,1.65703626615714,2020-04-26,2020-05-03,2020-04-30
"Brazil","deaths",124,131,1.37027175640507,0.0216740281032628,1.32811707627205,1.33481711501665,1.3555912257069,1.37015748308016,1.38482771538447,1.40611619454219,1.41307584037831,2020-05-03,2020-05-10,2020-05-07
"Brazil","deaths",131,138,1.35945514494854,0.0180508131863004,1.32430375755102,1.32990108311483,1.34723690073323,1.35937525302677,1.371586297173,1.38928172532004,1.39506055054587,2020-05-10,2020-05-17,2020-05-14
"Brazil","deaths",138,145,1.27220996204593,0.015145356691023,1.24269674919738,1.24740099176018,1.26196207913446,1.27214986192892,1.28239232840707,1.2972239392048,1.30206471829784,2020-05-17,2020-05-24,2020-05-21
"Brazil","deaths",145,152,1.12686962992864,0.0127331933876676,1.10204958433919,1.10600750701053,1.118255279862,1.12682167022898,1.13543169798196,1.14789534765881,1.1519622261015,2020-05-24,2020-05-31,2020-05-28
"Brazil","deaths",152,159,1.09478950767613,0.0120364693526861,1.07132404976706,1.07506679551818,1.08664716785381,1.09474539704858,1.10288376144278,1.11466268511266,1.11850564226573,2020-05-31,2020-06-07,2020-06-04
"Brazil","deaths",159,166,0.974540442326841,0.0110288432493333,0.95304276563445,0.956470844206042,0.967079097032599,0.974498838286299,0.981956434063886,0.992751955539992,0.996274550972414,2020-06-07,2020-06-14,2020-06-11
"Canada","cases",33,40,1.64856325625228,0.7372599012377,0.535284001954976,0.649583237444848,1.11067016426389,1.54005775149597,2.06875918067145,3.01803102654417,3.376781355184,2020-02-02,2020-02-09,2020-02-06
"Canada","cases",40,47,0.624244290832429,0.441407371164598,0.0755988796588558,0.110916197117613,0.300036389886429,0.523849263276846,0.84043086597883,1.48066517104392,1.73903328867392,2020-02-09,2020-02-16,2020-02-13
"Canada","cases",47,54,1.72941470281865,0.998478044212845,0.356646888519894,0.471375870364801,0.99573900313936,1.54151974092579,2.2600003213435,3.62934601852577,4.16482702527814,2020-02-16,2020-02-23,2020-02-20
"Canada","cases",54,61,3.4934032170424,1.23510455209479,1.50820355467222,1.73832739096866,2.6008866633168,3.34897258434162,4.22895241281465,5.74145788193199,6.29802756336615,2020-02-23,2020-03-01,2020-02-27
"Canada","cases",61,68,3.12150471737817,0.506374931319466,2.20896252054702,2.33783521726493,2.76670409987872,3.09416620859822,3.44652153419442,3.99844096420386,4.18935719964632,2020-03-01,2020-03-08,2020-03-05
"Canada","cases",68,75,3.0932122435926,0.269229568369032,2.58806510471396,2.66408577008563,2.90761496623044,3.08540461795404,3.27029974144142,3.54897225352878,3.64272521475261,2020-03-08,2020-03-15,2020-03-12
"Canada","cases",75,82,3.23770341417751,0.112112500229216,3.02166672401107,3.05552804480552,3.16139589993745,3.23640946003649,3.31260039380644,3.42429260104587,3.4610934276603,2020-03-15,2020-03-22,2020-03-19
"Canada","cases",82,89,3.31844061580004,0.053620969653461,3.21416848355359,3.23073728948533,3.28211812114844,3.31815180907535,3.35444827633921,3.40712908828731,3.42435400746007,2020-03-22,2020-03-29,2020-03-26
"Canada","cases",89,96,1.88781187620456,0.0204737861899698,1.84789471389592,1.85426220124963,1.87396247040049,1.88773786229734,1.90158059766262,1.92161401918355,1.92814965282689,2020-03-29,2020-04-05,2020-04-02
"Canada","cases",96,103,1.24305179711364,0.0119248898297405,1.2197879832016,1.2235023509214,1.23498793110748,1.24301366455895,1.25107409387679,1.26273131682608,1.26653231494133,2020-04-05,2020-04-12,2020-04-09
"Canada","cases",103,110,1.07783477828566,0.010218853733216,1.05789811435384,1.06108151959535,1.07092477630337,1.07780248378268,1.08470957522803,1.09469819638367,1.09795496900963,2020-04-12,2020-04-19,2020-04-16
"Canada","cases",110,117,1.19181294873221,0.0101464884996417,1.17200813973733,1.17517271386741,1.1849536419477,1.19178415484394,1.19864086657095,1.2085514020893,1.21178139087284,2020-04-19,2020-04-26,2020-04-23
"Canada","cases",117,124,0.985858715650664,0.00865888396285848,0.968959762030935,0.97165948635996,0.980004651491405,0.985833365186298,0.991685144630676,1.00014441761311,1.00290173373108,2020-04-26,2020-05-03,2020-04-30
"Canada","cases",124,131,0.983501110859025,0.00856060267180254,0.966793324576931,0.969462661485599,0.97771361355732,0.983476273202255,0.989261532005069,0.997624283671606,1.00035004736377,2020-05-03,2020-05-10,2020-05-07
"Canada","cases",131,138,0.802334384769589,0.00815446165039275,0.786430575286092,0.788968770860152,0.796819329603237,0.80230675919808,0.807819324623726,0.815794231954851,0.818395187895783,2020-05-10,2020-05-17,2020-05-14
"Canada","cases",138,145,0.921593100854528,0.0096774183093564,0.902722142055826,0.905733145806498,0.91504744927311,0.921559227693992,0.928101826479968,0.937568600263121,0.940656557766496,2020-05-17,2020-05-24,2020-05-21
"Canada","cases",145,152,0.904154460338416,0.0100492627735332,0.884564270071892,0.887688636237818,0.897356194786931,0.904117229626405,0.910912139798125,0.920747281714761,0.923956229344645,2020-05-24,2020-05-31,2020-05-28
"Canada","cases",152,159,0.761167356283268,0.00997400247249325,0.741742751714487,0.744836219448573,0.754416458509494,0.761123791745098,0.767870763363515,0.777647095676203,0.780839533997207,2020-05-31,2020-06-07,2020-06-04
"Canada","cases",159,166,0.722144088894451,0.0111191239869588,0.70051361449863,0.703952606176265,0.714613571677538,0.7220870212524,0.7296123954733,0.740530234538841,0.744098873028098,2020-06-07,2020-06-14,2020-06-11
"Canada","deaths",75,82,4.02165682707376,1.16095232584967,2.07804876814803,2.32056721061409,3.19005402517023,3.91051269460153,4.73234224185758,6.10203116593245,6.59620037981245,2020-03-15,2020-03-22,2020-03-19
"Canada","deaths",82,89,2.77578801912892,0.418465788955203,2.01689182406112,2.12515701266859,2.4832643288212,2.75478787894483,3.04543124645304,3.49806076796059,3.65399169448658,2020-03-22,2020-03-29,2020-03-26
"Canada","deaths",89,96,3.07085904956282,0.251574575681662,2.59758307732361,2.6690995352257,2.8976392226833,3.06399185776356,3.2365939523319,3.49604396766258,3.58315738801769,2020-03-29,2020-04-05,2020-04-02
"Canada","deaths",96,103,2.28281701456859,0.109832084822653,2.07259798872571,2.10521301330503,2.20780767055847,2.28105582351438,2.35590654135368,2.46642866374892,2.50304445101587,2020-04-05,2020-04-12,2020-04-09
"Canada","deaths",103,110,1.80985833300314,0.0639481998698391,1.68667578810503,1.70597303897302,1.76632523722018,1.80910522256795,1.85257046685113,1.91631256882365,1.93732067490965,2020-04-12,2020-04-19,2020-04-16
"Canada","deaths",110,117,1.32935936219813,0.0399007362241435,1.25229579336923,1.26441637606646,1.30223355584183,1.32896017650182,1.35605001464303,1.39566401179895,1.40869144462121,2020-04-19,2020-04-26,2020-04-23
"Canada","deaths",117,124,1.14821094408947,0.0325283969301189,1.08533371392608,1.09523548794826,1.1261066577962,1.14790378616555,1.16998039553364,1.20223414696784,1.21283370972434,2020-04-26,2020-05-03,2020-04-30
"Canada","deaths",124,131,1.11584499986981,0.0299724508395996,1.05786629099584,1.06700663183856,1.09548527585128,1.11557665035593,1.13591219377926,1.16559873484225,1.17534870301869,2020-05-03,2020-05-10,2020-05-07
"Canada","deaths",131,138,0.880694495917803,0.0259139901899924,0.830630030859862,0.838507652692111,0.863079998409663,0.880440340276796,0.898031937123614,0.923748290018722,0.932203290739959,2020-05-10,2020-05-17,2020-05-14
"Canada","deaths",138,145,0.708185766349858,0.0253733882522598,0.659321412285306,0.666973445494202,0.69091051632989,0.707882757420143,0.725130708119589,0.750431683884653,0.758772067252242,2020-05-17,2020-05-24,2020-05-21
"Canada","deaths",145,152,0.975750005682605,0.0339096567835159,0.910411408302656,0.92065153639057,0.952669224879768,0.975357219796419,0.998402612135237,1.03218831016663,1.0433207388131,2020-05-24,2020-05-31,2020-05-28
"Canada","deaths",152,159,0.962909058919602,0.033483628726345,0.898392025256257,0.90850323524276,0.940118134537638,0.962520973457877,0.985276932880179,1.01863868414163,1.02963151657562,2020-05-31,2020-06-07,2020-06-04
"Canada","deaths",159,166,0.569986634922374,0.0280472087319158,0.516333738602675,0.52465091617122,0.550826709319434,0.569526663350024,0.588645161700478,0.616891376397569,0.62625343172903,2020-06-07,2020-06-14,2020-06-11
"Ireland","cases",66,73,4.73690327796753,0.510793416859696,3.78891118973822,3.9291814770361,4.38310933064246,4.7185558927289,5.07070175002157,5.60721337948652,5.78914665171964,2020-03-06,2020-03-13,2020-03-10
"Ireland","cases",73,80,4.13628632495266,0.166926930912384,3.81554215234868,3.86559882585283,4.02250536455232,4.13404100091342,4.24761969078388,4.4146328842239,4.46979022630482,2020-03-13,2020-03-20,2020-03-17
"Ireland","cases",80,87,2.19493676966932,0.0554836269366811,2.08752529053395,2.10447860356305,2.15726317305174,2.19446928220643,2.23210075319684,2.2869895814282,2.30500492009221,2020-03-20,2020-03-27,2020-03-24
"Ireland","cases",87,94,1.50668388326715,0.030408597804011,1.44766752673553,1.45701752253086,1.48606361286287,1.50647931469835,1.52708115006402,1.55704804664549,1.56686278014081,2020-03-27,2020-04-03,2020-03-31
"Ireland","cases",94,101,1.71306198553335,0.0263050384872996,1.66188869989055,1.67002490102505,1.69524687978254,1.71292734448588,1.73073031623921,1.75655834291801,1.76500042287938,2020-04-03,2020-04-10,2020-04-07
"Ireland","cases",101,108,1.41537023755547,0.0174378630979505,1.3813965938079,1.38681016357393,1.40356986876853,1.41529862464788,1.42709253944699,1.44417458958098,1.44975085077805,2020-04-10,2020-04-17,2020-04-14
"Ireland","cases",108,115,0.830642926356857,0.0118494118621462,0.807579021119722,0.811248949776336,0.822620203938806,0.830586581701541,0.838604226231217,0.850229099656462,0.854027032805985,2020-04-17,2020-04-24,2020-04-21
"Ireland","cases",115,122,0.669618579708777,0.0117876711826071,0.646712331412277,0.650348270347325,0.661630664091517,0.669549412651477,0.677531094990267,0.68912482429332,0.692917897155598,2020-04-24,2020-05-01,2020-04-28
"Ireland","cases",122,129,0.595477760449427,0.0135546058017319,0.56920465033617,0.573359199162967,0.586280123865523,0.595374917707929,0.604563286739512,0.617947128208363,0.622335313564214,2020-05-01,2020-05-08,2020-05-05
"Ireland","cases",129,136,0.777399503742394,0.0196073087780653,0.739440402401094,0.745431935234381,0.764086259327036,0.777234666975745,0.790533057820963,0.809929346643444,0.816295351318853,2020-05-08,2020-05-15,2020-05-12
"Ireland","cases",136,143,0.474316595568742,0.0181892111215251,0.439331587687886,0.444799774852175,0.461924723187039,0.474084107706686,0.486455035419697,0.504626458640349,0.510622788249518,2020-05-15,2020-05-22,2020-05-19
"Ireland","cases",143,150,0.612689003701125,0.0277921375941102,0.559421121738636,0.56770285773178,0.59372149427267,0.612268829324727,0.631198491890629,0.659108416289668,0.668344639887822,2020-05-22,2020-05-29,2020-05-26
"Ireland","cases",150,157,0.665408010056985,0.0370242920778206,0.594812212515686,0.605701948323152,0.640075366147909,0.664721440611348,0.689992260710582,0.727456057465135,0.739905372344814,2020-05-29,2020-06-05,2020-06-02
"Ireland","cases",157,164,0.373405024927986,0.0357657147909685,0.306604379956788,0.316586610572577,0.348699730683808,0.372263736432685,0.3968664397088,0.434116658824194,0.446690763636484,2020-06-05,2020-06-12,2020-06-09
"Ireland","deaths",73,80,1.86267315520926,1.07541484757236,0.384127985064654,0.507697302625502,1.07246475221912,1.66030012059444,2.43414255844468,3.90900192339954,4.48574392448027,2020-03-13,2020-03-20,2020-03-17
"Ireland","deaths",80,87,5.79666888400422,1.29617456676913,3.54075594757696,3.84164132442262,4.87793960516173,5.7003492378482,6.61052316893087,8.08033604638297,8.59960568301279,2020-03-20,2020-03-27,2020-03-24
"Ireland","deaths",87,94,2.82713250169714,0.279927830022492,2.30518869045428,2.38297943448418,2.63362899710619,2.81789889342997,3.01057253495943,3.30278381115613,3.40154362097347,2020-03-27,2020-04-03,2020-03-31
"Ireland","deaths",94,101,1.74521045221402,0.126610873452502,1.5058687725782,1.54230529909546,1.65822631863063,1.74214963626545,1.82885832234336,1.95855659968417,2.00194533727101,2020-04-03,2020-04-10,2020-04-07
"Ireland","deaths",101,108,1.42348729678008,0.0869533260479408,1.25814713120183,1.28354451470352,1.3639132230205,1.42171718221399,1.48113189071162,1.56946821039405,1.59888640252806,2020-04-10,2020-04-17,2020-04-14
"Ireland","deaths",108,115,1.19052015016227,0.0641885446732857,1.06802221752788,1.08694320837651,1.14661988287538,1.18936674430262,1.23316314474466,1.29803151892854,1.31957255218758,2020-04-17,2020-04-24,2020-04-21
"Ireland","deaths",115,122,1.10395355327274,0.0508135810240773,1.00659421314722,1.02172330816593,1.06926864419252,1.10317402301463,1.13778871777138,1.18884287307376,1.20574278092356,2020-04-24,2020-05-01,2020-04-28
"Ireland","deaths",122,129,0.573198610675567,0.0407354514700238,0.496134891338811,0.50788047586739,0.545222445084588,0.572233919190598,0.600123265426386,0.641807478217487,0.655744241610973,2020-05-01,2020-05-08,2020-05-05
"Ireland","deaths",129,136,0.555676073963116,0.0515932282357386,0.459165891775494,0.473622070055259,0.520061814106823,0.554080121924063,0.589550898039308,0.643174252461746,0.661254928576837,2020-05-08,2020-05-15,2020-05-12
"Ireland","deaths",136,143,0.716669274118015,0.0768350112115028,0.574022709542148,0.595140334020264,0.663457964270808,0.713925293003728,0.76689010984155,0.84755873036371,0.874907381716234,2020-05-15,2020-05-22,2020-05-19
"Ireland","deaths",143,150,0.763744416769561,0.0962227519993489,0.58688218003058,0.612657530803328,0.696830905732224,0.759707264112191,0.826258574390198,0.928603514932561,0.963544828106913,2020-05-22,2020-05-29,2020-05-26
"Ireland","deaths",150,157,0.552051335428041,0.0975898107110643,0.377602704764437,0.401918432085962,0.483476288535316,0.546311571638557,0.614373966177108,0.721766241176698,0.759105529393975,2020-05-29,2020-06-05,2020-06-02
"Ireland","deaths",157,164,1.10438092013645,0.170409675611272,0.795940627268507,0.839806242706363,0.985171463265257,1.09562846665753,1.21405448819608,1.39881466148843,1.46254557735321,2020-06-05,2020-06-12,2020-06-09
"Italy","cases",33,40,0.404085296499561,0.404085296499561,0.0102305539460507,0.0207268660710326,0.116248095544286,0.2800905839744,0.5601811679488,1.21053136399237,1.49062194796677,2020-02-02,2020-02-09,2020-02-06
"Italy","cases",40,47,0.948986716949589,0.948986716949589,0.0240262634793713,0.0486766550423704,0.273006465461269,0.657787467242446,1.31557493448489,2.84291013513993,3.50069760238238,2020-02-09,2020-02-16,2020-02-13
"Italy","cases",47,54,47.5158263310899,12.2685336041063,26.5942472978515,29.2898022539408,38.7691251601763,46.4641926263024,55.1179507302048,69.3302975755885,74.4085838538826,2020-02-16,2020-02-23,2020-02-20
"Italy","cases",54,61,6.28575842277443,0.211174184171174,5.87862466902067,5.94248766329559,6.14206395879435,6.28339373585472,6.42687514602707,6.6370953820954,6.70633030574204,2020-02-23,2020-03-01,2020-02-27
"Italy","cases",61,68,2.98878108256059,0.0473337581967602,2.89672066561825,2.91135247877306,2.95672020754289,2.9885312090838,3.0205695653289,3.06706202760303,3.08226150539002,2020-03-01,2020-03-08,2020-03-05
"Italy","cases",68,75,2.54217418761392,0.0216380719587936,2.49993905689066,2.5066877400843,2.5275462598508,2.54211279604993,2.55673519088057,2.57787004718248,2.58475820121972,2020-03-08,2020-03-15,2020-03-12
"Italy","cases",75,82,1.99077744131814,0.0111446417864583,1.96899349685035,1.97248167449723,1.98324920215945,1.99075664495198,1.99828300981014,2.00914414636297,2.0126795697753,2020-03-15,2020-03-22,2020-03-19
"Italy","cases",82,89,1.37266613861455,0.00643770540298326,1.36007708898289,1.3620942480994,1.36831850409151,1.37265607450266,1.37700280198164,1.38327235869395,1.38531238174934,2020-03-22,2020-03-29,2020-03-26
"Italy","cases",89,96,0.938186237266257,0.00473318598848209,0.92893200103809,0.93041443836385,0.934989428069607,0.938178277575909,0.941374369393537,0.945985187367789,0.947485707744568,2020-03-29,2020-04-05,2020-04-02
"Italy","cases",96,103,0.856128841448433,0.00476097586413403,0.846822602334041,0.848312813900342,0.852912819721608,0.856120016121939,0.859335242454228,0.863974972957017,0.86548523414684,2020-04-05,2020-04-12,2020-04-09
"Italy","cases",103,110,0.887375558170137,0.00522809379616473,0.877157887984691,0.878793656100332,0.883843688407276,0.88736529084936,0.890896235256993,0.895992482969739,0.89765157666836,2020-04-12,2020-04-19,2020-04-16
"Italy","cases",110,117,0.868472279904542,0.00559966837382716,0.857531368555581,0.859282216979102,0.86468882969177,0.868460244898024,0.872242610442787,0.877703395292011,0.879481585168414,2020-04-19,2020-04-26,2020-04-23
"Italy","cases",117,124,0.763442227097804,0.00577834956346469,0.752158350770023,0.753962616848643,0.759536884013678,0.763427648736299,0.767331677935684,0.772971565419826,0.774808950993377,2020-04-26,2020-05-03,2020-04-30
"Italy","cases",124,131,0.698816556101953,0.00645422056923807,0.686223071041092,0.688234305422866,0.694452487527573,0.698796685959967,0.703158963738618,0.70946658559224,0.711522961421486,2020-05-03,2020-05-10,2020-05-07
"Italy","cases",131,138,0.705582337165169,0.00787488134312788,0.690231266721454,0.692679468999216,0.700254962291015,0.705553040655926,0.710877775212986,0.718585138334864,0.721099896995949,2020-05-10,2020-05-17,2020-05-14
"Italy","cases",138,145,0.696002158890046,0.0093315987604942,0.677831349212162,0.680724501671037,0.689685565747723,0.695960455088481,0.702273289778765,0.711422071533312,0.714409967299022,2020-05-17,2020-05-24,2020-05-21
"Italy","cases",145,152,0.756140852657514,0.0116082348749499,0.733558389151631,0.737148855344308,0.748279174928141,0.75608145048207,0.763937774822686,0.775335476201541,0.779060892828419,2020-05-24,2020-05-31,2020-05-28
"Italy","cases",152,159,0.69221770873745,0.0130816850745302,0.666813030202241,0.670841714080444,0.683349903512418,0.69213530361165,0.700995682654556,0.713874794961259,0.718090686701477,2020-05-31,2020-06-07,2020-06-04
"Italy","cases",159,166,0.828597151588748,0.017303796885776,0.795025882373183,0.800341852406593,0.816861191109669,0.828476701561958,0.840201807574695,0.857263317210327,0.862852924612546,2020-06-07,2020-06-14,2020-06-11
"Italy","deaths",61,68,4.69044220082463,0.348637823118362,4.03199028021583,4.13208991023254,4.4508197140017,4.68180701950835,4.92065247149253,5.27825068978542,5.39796371139652,2020-03-01,2020-03-08,2020-03-05
"Italy","deaths",68,75,3.57573991365974,0.10679799906806,3.36945707453351,3.40190487673957,3.50313794025175,3.57467671091568,3.64718288529598,3.7532016443313,3.78806477826492,2020-03-08,2020-03-15,2020-03-12
"Italy","deaths",75,82,2.24624007430585,0.0408948402455188,2.16679515581924,2.17939997479844,2.21852331800772,2.24599190328068,2.27368629474733,2.31392670820445,2.32709532238001,2020-03-15,2020-03-22,2020-03-19
"Italy","deaths",82,89,1.67558371263131,0.0221354736424229,1.63247661160724,1.63934110164807,1.66060090732859,1.67548623931061,1.69046026005808,1.71215881388382,1.7192447452871,2020-03-22,2020-03-29,2020-03-26
"Italy","deaths",89,96,1.18272999024565,0.0146508137971025,1.15418720046108,1.15873516245774,1.17281546920088,1.18266949619241,1.19257856531919,1.20693116867096,1.21161656208582,2020-03-29,2020-04-05,2020-04-02
"Italy","deaths",96,103,0.839475196616766,0.0119499005327494,0.816215352786453,0.819916541410101,0.831384502378141,0.839418495156753,0.847504079349818,0.859227265634765,0.863057269349093,2020-04-05,2020-04-12,2020-04-09
"Italy","deaths",103,110,0.904563354326562,0.0135341508694157,0.878229221553199,0.882417373928642,0.895398288887696,0.904495855531442,0.913654837884837,0.926939579248343,0.931281076107973,2020-04-12,2020-04-19,2020-04-16
"Italy","deaths",110,117,0.867381967657065,0.0140744978483483,0.84001340136892,0.844362040638558,0.857847824836435,0.867305842641021,0.876833125046379,0.890661564076026,0.895183144701938,2020-04-19,2020-04-26,2020-04-23
"Italy","deaths",117,124,0.738597807363951,0.0142460144938642,0.710937291243628,0.715322449616406,0.72893974460537,0.738506217393448,0.748156026285478,0.762185587064019,0.766778819295495,2020-04-26,2020-05-03,2020-04-30
"Italy","deaths",124,131,0.811988428329095,0.0171755667431589,0.7786703525459,0.783945182511589,0.800338621190691,0.811867329612379,0.823506223862417,0.840444753353011,0.845994694253143,2020-05-03,2020-05-10,2020-05-07
"Italy","deaths",131,138,0.780678468156041,0.0192015273175431,0.743493465177984,0.749365534586834,0.767642856089649,0.780521047209273,0.793542473824558,0.812528379941793,0.818758074567228,2020-05-10,2020-05-17,2020-05-14
"Italy","deaths",138,145,0.76641316720361,0.0216861140900327,0.724493309756005,0.731094928005562,0.751676754587318,0.766208636433975,0.78092661948852,0.802429081531279,0.809495344403697,2020-05-17,2020-05-24,2020-05-21
"Italy","deaths",145,152,0.632631285630885,0.0231933882275047,0.587983735875607,0.594971051999305,0.616836932048862,0.63234787126166,0.648116691318394,0.671258277050523,0.678889428527565,2020-05-24,2020-05-31,2020-05-28
"Italy","deaths",152,159,0.801494733428889,0.0318565556607915,0.740264817121962,0.749825018658721,0.779783964761248,0.801072711492608,0.822745461686227,0.854604013503283,0.865122917723057,2020-05-31,2020-06-07,2020-06-04
"Italy","deaths",159,166,0.86346079636739,0.0373306655749406,0.791834478368299,0.802988463751563,0.837997013487942,0.862922874193009,0.888338201562235,0.925768046069074,0.938144009504801,2020-06-07,2020-06-14,2020-06-11
"South_Africa","cases",7,14,4.33022089490733,0.314977222647496,3.73485532059655,3.82547797482701,4.11381553593512,4.32258622018237,4.53830452859387,4.86100706898744,4.96897078931812,2020-03-13,2020-03-20,2020-03-17
"South_Africa","cases",14,21,3.74497717161333,0.117202345665459,3.51875839622779,3.55430416295845,3.66527310004161,3.74375459252947,3.82334850734656,3.93982052497365,3.97814367719636,2020-03-20,2020-03-27,2020-03-24
"South_Africa","cases",21,28,0.706901505314435,0.0293778239951,0.650486986476988,0.659283274375714,0.686870895522129,0.706494580092778,0.726488532965165,0.755907805990871,0.765628496155277,2020-03-27,2020-04-03,2020-03-31
"South_Africa","cases",28,35,0.932950269346622,0.0400736454210492,0.856050205014275,0.868027986180502,0.905617380268652,0.932376561968365,0.959657771682762,0.999829536977978,1.01311058937179,2020-04-03,2020-04-10,2020-04-07
"South_Africa","cases",35,42,1.42150096831533,0.0487570809689572,1.32753254829407,1.34226465808619,1.38831803457064,1.42094355583562,1.45407626845885,1.50263867256574,1.51863707042396,2020-04-10,2020-04-17,2020-04-14
"South_Africa","cases",42,49,1.66762257375376,0.0414836620029674,1.58729787001916,1.59997971444577,1.63945793472948,1.66727860481654,1.69541224837716,1.73643874476853,1.74990200933662,2020-04-17,2020-04-24,2020-04-21
"South_Africa","cases",49,56,1.33761188238362,0.0299173912481765,1.27961120198309,1.28878549515231,1.31731317426862,1.33738884215978,1.35766745116546,1.38719908117773,1.39688007399071,2020-04-24,2020-05-01,2020-04-28
"South_Africa","cases",56,63,1.44841323472821,0.0254107585040037,1.39903264215819,1.40687123214614,1.43119390277844,1.44826463651196,1.46547057690434,1.49046211955002,1.49863829543712,2020-05-01,2020-05-08,2020-05-05
"South_Africa","cases",63,70,1.54086567580081,0.0211794088429877,1.49963121092218,1.50619493423127,1.5265279812791,1.54076863893303,1.55509758826977,1.57586741888418,1.58265159189019,2020-05-08,2020-05-15,2020-05-12
"South_Africa","cases",70,77,1.35118929375674,0.0157210716090195,1.32055017187039,1.32543483845661,1.34055262010387,1.35112832275119,1.36175950147325,1.37715172660177,1.38217490825318,2020-05-15,2020-05-22,2020-05-19
"South_Africa","cases",77,84,1.35436867363036,0.0134738041792544,1.32808769016244,1.33228270448903,1.34525654058721,1.35432399295175,1.36343209916629,1.37660705252784,1.38090357339733,2020-05-22,2020-05-29,2020-05-26
"South_Africa","cases",84,91,1.51608091741856,0.0119737043169565,1.49270258461878,1.49643983490714,1.50798768677909,1.51604939555991,1.52413978527457,1.53582952376413,1.53963838620369,2020-05-29,2020-06-05,2020-06-02
"South_Africa","cases",91,98,1.31568915597714,0.00904986071457717,1.29801078740718,1.30083893298525,1.30957386039606,1.31566840645867,1.32178183196996,1.33061015739721,1.33348544228114,2020-06-05,2020-06-12,2020-06-09
"South_Africa","deaths",21,28,2.36832572814228,0.966864929775671,0.869133801865172,1.03141167444921,1.66541035572317,2.23813143765677,2.92989595489853,4.14971517587175,4.60573517799464,2020-03-27,2020-04-03,2020-03-31
"South_Africa","deaths",28,35,2.63580200576764,0.589383246012674,1.61001634133537,1.74683186343366,2.21804682181832,2.5920045211065,3.00586950479829,3.67420778804609,3.91032476784116,2020-04-03,2020-04-10,2020-04-07
"South_Africa","deaths",35,42,2.15450559957461,0.375051284517374,1.48306251959395,1.57688192803734,1.89110092659703,2.13278243022405,2.39424633954929,2.80624052195523,2.94935181705534,2020-04-10,2020-04-17,2020-04-14
"South_Africa","deaths",42,49,1.13693964987667,0.200984434056914,0.777665878870649,0.827743675505261,0.995710592357884,1.12511871110812,1.26529197045986,1.48646440081513,1.56336398342275,2020-04-17,2020-04-24,2020-04-21
"South_Africa","deaths",49,56,1.18685382587993,0.183135521248599,0.855379843514667,0.902521253292522,1.05874205086741,1.17744775709706,1.30471759143049,1.50327527614237,1.57176548630609,2020-04-24,2020-05-01,2020-04-28
"South_Africa","deaths",56,63,1.64291304831951,0.188455051332872,1.29442861966307,1.34569911376006,1.51218300405719,1.63571293488209,1.7657965002219,1.96468887177803,2.032308288725,2020-05-01,2020-05-08,2020-05-05
"South_Africa","deaths",63,70,1.32017636801227,0.141537763234259,1.0574071516775,1.09630792472777,1.22215582170419,1.31512168079157,1.41268816236209,1.56128781676274,1.61166676353291,2020-05-08,2020-05-15,2020-05-12
"South_Africa","deaths",70,77,1.79983630626194,0.142289553581303,1.53175634428016,1.57235827690232,1.70192980270852,1.79608803922372,1.89365732598574,2.04010041488089,2.08921567427741,2020-05-15,2020-05-22,2020-05-19
"South_Africa","deaths",77,84,1.42060840761359,0.09113207183875,1.24759280027059,1.27410591990729,1.35812494913865,1.41866017517203,1.48096825153339,1.57375662741143,1.6046950826482,2020-05-22,2020-05-29,2020-05-26
"South_Africa","deaths",84,91,1.34473595416327,0.0738019734451305,1.20396047296497,1.22568845992293,1.29424881622351,1.34338605891639,1.39375163934663,1.46838813038204,1.49318248647032,2020-05-29,2020-06-05,2020-06-02
"South_Africa","deaths",91,98,1.43622115500722,0.0637848208045579,1.31390952745779,1.33293944973783,1.39269977786062,1.43527700433959,1.47871333581588,1.54272347322434,1.56389817917283,2020-06-05,2020-06-12,2020-06-09
"Spain","cases",39,46,1.96319467680567,1.38818826875862,0.237751983155227,0.348821913072617,0.943588675336635,1.64746093831677,2.6430828868497,4.65656478499584,5.46911032307537,2020-02-08,2020-02-15,2020-02-12
"Spain","cases",46,53,1.06458467814006,1.06458467814006,0.0269529504641671,0.0546060552963138,0.306261926507744,0.737913868120099,1.4758277362402,3.18921067823526,3.92712454635536,2020-02-15,2020-02-22,2020-02-19
"Spain","cases",53,60,25.7987781785864,4.42445395603299,17.8664038626221,18.9773662083611,22.6929843168963,25.5462945613738,28.6295254661447,33.4815649432898,35.1654565507051,2020-02-22,2020-02-29,2020-02-26
"Spain","cases",60,67,5.69542303114755,0.25097032472133,5.21408717244403,5.28899577213879,5.52419690752684,5.69173709767573,5.86263120285901,6.11442345626571,6.19770523170724,2020-02-29,2020-03-07,2020-03-04
"Spain","cases",67,74,5.04835060825053,0.0673952633550146,4.91711254993751,4.93800912276893,5.00273120033767,5.04805070346305,5.09364308318633,5.15971509597269,5.18129299693149,2020-03-07,2020-03-14,2020-03-11
"Spain","cases",74,81,2.85060141115458,0.0192722618081616,2.81295203279642,2.81897560886883,2.83757890313261,2.85055797949279,2.86357657319378,2.8823753626484,2.88849760792711,2020-03-14,2020-03-21,2020-03-18
"Spain","cases",81,88,2.10757344487604,0.00907737205312076,2.08981918182188,2.09266475645942,2.10144376777351,2.10756041273347,2.11368891529231,2.12252658706783,2.12540176850573,2020-03-21,2020-03-28,2020-03-25
"Spain","cases",88,95,1.16169339565205,0.00473959263612833,1.15242229348458,1.1539084683848,1.15849308536862,1.16168694997075,1.16488667932604,1.16950030970031,1.17100112808781,2020-03-28,2020-04-04,2020-04-01
"Spain","cases",95,102,0.802968700052627,0.00381890064148999,0.795501009924243,0.796697510121273,0.800389601387229,0.802962645859581,0.805541198881315,0.809260541365046,0.810470795651643,2020-04-04,2020-04-11,2020-04-08
"Spain","cases",102,109,0.73238411240221,0.00414664082942684,0.724279105416011,0.725576868615878,0.729582996379673,0.732376286546345,0.735176697253221,0.739218050867469,0.740533593064742,2020-04-11,2020-04-18,2020-04-15
"Spain","cases",109,116,0.671647801965728,0.00472967954358581,0.662409386449622,0.663887152298437,0.66845165909057,0.671636700014783,0.674831842316867,0.679446321362287,0.680949308915164,2020-04-18,2020-04-25,2020-04-22
"Spain","cases",116,123,0.633014088600252,0.00556863185728666,0.622146243042807,0.623882438731392,0.62924925599191,0.63299775957003,0.636761120521869,0.642201438232695,0.643974730600835,2020-04-25,2020-05-02,2020-04-29
"Spain","cases",123,130,0.641555424506819,0.00715672315037654,0.627604273466441,0.629829224365335,0.636713892375656,0.641528812979803,0.646367946774987,0.653372398938344,0.65565780642566,2020-05-02,2020-05-09,2020-05-06
"Spain","cases",130,137,0.890190535337493,0.00986727991027293,0.870954823032614,0.874022722046941,0.8835154332168,0.890154077785228,0.89682589420576,0.906482708586583,0.909633432587527,2020-05-09,2020-05-16,2020-05-13
"Spain","cases",137,144,0.779472197227562,0.0107220575329098,0.758597390935851,0.76192022808088,0.772213731811165,0.779423035230929,0.786677070055853,0.797191862382021,0.800626386428984,2020-05-16,2020-05-23,2020-05-20
"Spain","cases",144,151,1.14298897660767,0.0148804490127638,1.11400775297041,1.11862344651418,1.13291737821226,1.1429244016079,1.152990180324,1.1675747778312,1.17233717386401,2020-05-23,2020-05-30,2020-05-27
"Spain","cases",151,158,0.640111250510619,0.0115471333239917,0.617677220184215,0.621237064138629,0.632285443354363,0.640041817936019,0.647861367913353,0.659222277828829,0.662939858816907,2020-05-30,2020-06-06,2020-06-03
"Spain","cases",158,165,0.82231543970409,0.0162842722434958,0.790705376740109,0.795714777191269,0.811274059909208,0.822207949988111,0.833239643125542,0.849282759726103,0.854536354842908,2020-06-06,2020-06-13,2020-06-10
"Spain","deaths",67,74,8.67166794218563,0.946156541585419,6.91686196415203,7.17623932626161,8.01613920963131,8.63728094318849,9.28972104240414,10.284400843721,10.6218628621591,2020-03-07,2020-03-14,2020-03-11
"Spain","deaths",74,81,4.26339218994103,0.158777022295249,3.95783291632987,4.0056319027252,4.15525149536924,4.26142129692083,4.36938443087634,4.52787541292712,4.5801516898049,2020-03-14,2020-03-21,2020-03-18
"Spain","deaths",81,88,3.12298153230648,0.0528484553768416,3.02025011021653,3.03656495691451,3.08717516265568,3.12268342916312,3.15846293382275,3.21041496493932,3.22740704387595,2020-03-21,2020-03-28,2020-03-25
"Spain","deaths",88,95,1.66942869601005,0.0205961093807253,1.62930227019522,1.63569618352058,1.65549104968891,1.66934399719536,1.68327401018512,1.70345012374567,1.71003645728697,2020-03-28,2020-04-04,2020-04-01
"Spain","deaths",95,102,1.00379461274737,0.0127626218854508,0.978934379830927,0.982894624005924,0.995157126229106,1.00374052367548,1.01237313552463,1.02487910416864,1.02896222877659,2020-04-04,2020-04-11,2020-04-08
"Spain","deaths",102,109,0.857142127762566,0.012215009770159,0.833366447742414,0.837149674090929,0.848871906414366,0.85708410367568,0.865349095781295,0.877332506845956,0.881247553043181,2020-04-11,2020-04-18,2020-04-15
"Spain","deaths",109,116,0.753452394109426,0.0125020979537809,0.729145805705817,0.733006883980376,0.744982589311088,0.753383245788974,0.761846818935903,0.774133775506142,0.778151945355476,2020-04-18,2020-04-25,2020-04-22
"Spain","deaths",116,123,0.75484265097426,0.0146138120846981,0.726469013031312,0.730966987327059,0.74493505385038,0.754748344891953,0.764647443386625,0.779040001489945,0.783752220076625,2020-04-25,2020-05-02,2020-04-29
"Spain","deaths",123,130,0.65137565434124,0.0157565267494722,0.620856001426543,0.625676962361686,0.640679923231064,0.651248610638648,0.661932893574534,0.677507704747501,0.682617280813584,2020-05-02,2020-05-09,2020-05-06
"Spain","deaths",130,137,0.779314006722678,0.0209028296778823,0.73887879995016,0.745253591592954,0.765115247884607,0.779127128839262,0.793309048365551,0.814011880934055,0.820811215455581,2020-05-09,2020-05-16,2020-05-13
"Spain","deaths",137,144,1.01205159547543,0.0279832905567875,0.957941841781689,0.96646724017266,0.993039206176399,1.01179369391288,1.03078284435246,1.05851567891238,1.06762696834128,2020-05-16,2020-05-23,2020-05-20
"Spain","deaths",144,151,0.92749009166877,0.0279648784621604,0.873482869365024,0.881976280277057,0.908478002691057,0.92720904921141,0.946195815207872,0.973962567830455,0.983094436752473,2020-05-23,2020-05-30,2020-05-27
"Spain","deaths",151,158,0.0248450049817681,0.00621125124544203,0.0142010670388061,0.015583962188135,0.0204226768897186,0.0243293617239096,0.0287060601602583,0.0358655189972002,0.0384169288195062,2020-05-30,2020-06-06,2020-06-03
"Spain","deaths",158,165,0.0340732601293127,0.0170366300646564,0.00928381659537509,0.0116387305379806,0.021596656272794,0.0312797702765589,0.0435237129531173,0.0660480889573989,0.0746823939825121,2020-06-06,2020-06-13,2020-06-10
"United_Kingdom","cases",33,40,1.1534957368671,0.815644657608499,0.13969368511506,0.204953993818779,0.554415477596886,0.967983048983972,1.55297122500771,2.73601374911931,3.21343344939588,2020-02-02,2020-02-09,2020-02-06
"United_Kingdom","cases",40,47,1.90809067015952,0.721190484600665,0.767151411578104,0.895525745747555,1.38545288794884,1.81803889647121,2.33290437830484,3.22805209381725,3.55980864850835,2020-02-09,2020-02-16,2020-02-13
"United_Kingdom","cases",47,54,0.222549297382973,0.222549297382973,0.00563446037818075,0.0114152866264074,0.0640234430938215,0.154259418016605,0.30851883603321,0.666698112626938,0.820957530643543,2020-02-16,2020-02-23,2020-02-20
"United_Kingdom","cases",54,61,3.29294290997932,1.04131998004374,1.57909412075242,1.78655512239982,2.54409040610066,3.18385252391363,3.92316147871345,5.17163810668958,5.62592823937409,2020-02-23,2020-03-01,2020-02-27
"United_Kingdom","cases",61,68,6.3127721655296,0.518906675551257,5.33671593238493,5.48417472303348,5.95545966577742,6.29855991712823,6.65459398298894,7.18985052209044,7.36958851991551,2020-03-01,2020-03-08,2020-03-05
"United_Kingdom","cases",68,75,2.91112674308047,0.119545647115006,2.68150538812633,2.71732187211314,2.82962734376758,2.90949052292798,2.99084252540448,3.11051295203441,3.15004640407557,2020-03-08,2020-03-15,2020-03-12
"United_Kingdom","cases",75,82,3.31849943170031,0.0569620785842629,3.2077847586983,3.22536430203922,3.27990350982561,3.3181735191601,3.35674006993611,3.41274627906053,3.43106623192814,2020-03-15,2020-03-22,2020-03-19
"United_Kingdom","cases",82,89,2.68635053212164,0.0253080412925065,2.63697389377303,2.64485849757435,2.6692374742516,2.68627105706461,2.70337695225547,2.72811366312037,2.7361788201672,2020-03-22,2020-03-29,2020-03-26
"United_Kingdom","cases",89,96,2.0518554831111,0.0126018328338629,2.02722973236983,2.03117140681202,2.04334167238212,2.05182968437476,2.0603411699621,2.07262756115915,2.07662784587628,2020-03-29,2020-04-05,2020-04-02
"United_Kingdom","cases",96,103,1.36465215474881,0.00713754026355231,1.35069822501924,1.35293320752493,1.35983119828219,1.3646397109432,1.36945954589379,1.37641354888113,1.37867680157637,2020-04-05,2020-04-12,2020-04-09
"United_Kingdom","cases",103,110,1.14779314386111,0.00549592388203278,1.13704627777484,1.13876813919156,1.14408143372107,1.14778437191515,1.15149529146984,1.15684807040422,1.15858986017934,2020-04-12,2020-04-19,2020-04-16
"United_Kingdom","cases",110,117,0.98123694382821,0.00488352886289151,0.971688444345707,0.973218095063016,0.977938652604778,0.981228842210723,0.984526403263593,0.9892834279183,0.990831484121237,2020-04-19,2020-04-26,2020-04-23
"United_Kingdom","cases",117,124,1.0146456203919,0.00511320343854792,1.00464835382559,1.00624982380883,1.011192151379,1.01463703124854,1.018089726152,1.02307071529327,1.02469169833681,2020-04-26,2020-05-03,2020-04-30
"United_Kingdom","cases",124,131,1.04503892664625,0.00521789468705973,1.03483673950843,1.0364710906714,1.04151479260548,1.04503024231752,1.04855359367003,1.053636385625,1.0552904660935,2020-05-03,2020-05-10,2020-05-07
"United_Kingdom","cases",131,138,0.798375609863359,0.00460965422116383,0.789366088621303,0.790808564640245,0.795261628541396,0.798366738153603,0.801479919901226,0.80597291726471,0.807435548280051,2020-05-10,2020-05-17,2020-05-14
"United_Kingdom","cases",138,145,0.724554423712132,0.00493339557335605,0.714917000953894,0.716458851818828,0.721220823986651,0.724543226796151,0.727875817388821,0.73268818926814,0.734255477584438,2020-05-17,2020-05-24,2020-05-21
"United_Kingdom","cases",145,152,0.932449594244514,0.00654209657568203,0.919670849700484,0.921714960647865,0.928028717290422,0.932434294435272,0.936853792480482,0.943236416833498,0.945315286290292,2020-05-24,2020-05-31,2020-05-28
"United_Kingdom","cases",152,159,0.771837684891642,0.00648054169362827,0.759187671588906,0.76120916605562,0.767456795980637,0.77181954755266,0.776198801829826,0.782528071789852,0.784590771106199,2020-05-31,2020-06-07,2020-06-04
"United_Kingdom","cases",159,166,0.794425609876437,0.00747663647435582,0.779838431929907,0.782167770763927,0.789369991967944,0.794402154859019,0.799455658887007,0.806763456128572,0.809146080605994,2020-06-07,2020-06-14,2020-06-11
"United_Kingdom","deaths",75,82,4.56579064349725,0.33478001283018,3.93318406060863,4.02943096589826,4.3357477757062,4.55761083501265,4.78691761323047,5.13005313713201,5.244879238788,2020-03-15,2020-03-22,2020-03-19
"United_Kingdom","deaths",82,89,3.81389424249862,0.120365434993603,3.58160062821123,3.61809374130219,3.73203357164845,3.81262808411465,3.89437467217102,4.0140137423079,4.05338323998026,2020-03-22,2020-03-29,2020-03-26
"United_Kingdom","deaths",89,96,2.73239710325556,0.0456351241376312,2.64367797411652,2.65776980241679,2.70147976604412,2.73214304914745,2.76303749100875,2.80789100599106,2.82255999587649,2020-03-29,2020-04-05,2020-04-02
"United_Kingdom","deaths",96,103,1.80377199532975,0.0215376720214023,1.76180303622186,1.76849248214836,1.78919870921964,1.80368627359441,1.81825183416298,1.83934391301667,1.8462281031217,2020-04-05,2020-04-12,2020-04-09
"United_Kingdom","deaths",103,110,1.11033809392757,0.0130205192784658,1.08496326925159,1.08900840087516,1.10152836568359,1.1102871987568,1.11909234014399,1.13184139495456,1.13600215116458,2020-04-12,2020-04-19,2020-04-16
"United_Kingdom","deaths",110,117,0.971686596273108,0.0117412038654881,0.948808928146056,0.952455026965144,0.963741708583535,0.971639305759235,0.979579931467058,0.991079477756066,0.994833011999714,2020-04-19,2020-04-26,2020-04-23
"United_Kingdom","deaths",117,124,0.882409906979342,0.0116632762663894,0.859696666877546,0.863313565688806,0.874515388018692,0.88235852095727,0.890248408873004,0.901681530615959,0.905415168967589,2020-04-26,2020-05-03,2020-04-30
"United_Kingdom","deaths",124,131,0.831238338831458,0.0124314913135541,0.807049631424711,0.81089659648418,0.822819987950607,0.831176367063726,0.839589132962198,0.851791472509707,0.85577922569458,2020-05-03,2020-05-10,2020-05-07
"United_Kingdom","deaths",131,138,0.796550800297335,0.0136929903191853,0.769936671300396,0.77416244843561,0.787272748904888,0.796472339220709,0.805743319736259,0.819206790120815,0.823610815465124,2020-05-10,2020-05-17,2020-05-14
"United_Kingdom","deaths",138,145,0.821612827065011,0.0155827754659501,0.791352030504169,0.796150560023077,0.811049396919528,0.821514314437789,0.832068866832433,0.847411129867299,0.852433460227198,2020-05-17,2020-05-24,2020-05-21
"United_Kingdom","deaths",145,152,0.805995753936054,0.0175051091647357,0.772047872918259,0.777420167876419,0.794120677194827,0.805869028586923,0.817732685471361,0.835003612233287,0.840663800381435,2020-05-24,2020-05-31,2020-05-28
"United_Kingdom","deaths",152,159,1.07258972880032,0.0217809973579823,1.03032022093914,1.03701638984001,1.05781941206306,1.07244229738944,1.08719932811773,1.10866597019246,1.1156970728595,2020-05-31,2020-06-07,2020-06-04
"United_Kingdom","deaths",159,166,0.727073487616837,0.0183031066018075,0.691638439015187,0.69723176979389,0.714645942766731,0.72691990794273,0.73933361359856,0.757439080778475,0.763381309865054,2020-06-07,2020-06-14,2020-06-11
