"province","type","t_start","t_end","Rt_mean","Rt_std","Rt_li_95","Rt_li_90","Rt_li_50","Rt_median","Rt_ui_50","Rt_ui_90","Rt_ui_95","count","date_start","date_end","date_mid"
"Alberta","cases",50,56,3.20166663167666,0.44846392760949,2.42078893623764,2.53144250869027,2.88590217693881,3.16689924918906,3.47939095201288,3.99819704738215,4.18730547733442,166,2020-03-14,2020-03-20,2020-03-17
"Alberta","cases",57,63,1.71074190750884,0.133244907632988,1.46480701230686,1.50249926227391,1.61726449350732,1.70555616422523,1.79836080012806,1.94139862679514,1.9895153059994,347,2020-03-21,2020-03-27,2020-03-24
"Alberta","cases",64,70,1.39874331853105,0.0671189316728648,1.27346602731995,1.29127935991981,1.35244126998726,1.39673650019447,1.44339111933502,1.51252367955737,1.53504045462687,533,2020-03-28,2020-04-03,2020-03-31
"Alberta","cases",71,77,0.742899087196774,0.0402997345031053,0.6664729646442,0.67801511793777,0.715560779570559,0.741664306663984,0.769311467348751,0.811367892890061,0.825279869619457,425,2020-04-04,2020-04-10,2020-04-07
"Alberta","cases",78,84,2.02322782650781,0.128808396858034,1.78105511094477,1.81506114666712,1.93113165955308,2.02182682907993,2.11362849975731,2.23829402219122,2.27136157922775,897,2020-04-11,2020-04-17,2020-04-14
"Alberta","cases",85,91,1.52393856773713,0.0732525225300945,1.39049431425185,1.40942907440935,1.47254067486523,1.5198494548895,1.57158137648046,1.65158204913713,1.67634974678102,1620,2020-04-18,2020-04-24,2020-04-21
"Alberta","cases",92,98,0.93448043213669,0.028297715958983,0.880944167980517,0.888654419956755,0.915080413014494,0.934116810797928,0.953058757379962,0.981475532507456,0.991358100457848,1556,2020-04-25,2020-05-01,2020-04-28
"Alberta","cases",99,105,0.409721844031189,0.026413763893646,0.362047673663962,0.368416198628612,0.391452482551588,0.40833172213618,0.42677206586351,0.455344622117437,0.465399523612721,525,2020-05-02,2020-05-08,2020-05-05
"Alberta","cases",106,112,0.787408291736888,0.059919529853888,0.671671541148259,0.688798337850997,0.745557467067564,0.787836949781772,0.828990997768933,0.88561916211718,0.903279027841658,416,2020-05-09,2020-05-15,2020-05-12
"Alberta","cases",113,119,0.717039713777501,0.0443324116424723,0.633975777511428,0.645850678681072,0.686821994328334,0.715823169835664,0.746139133119291,0.791549212126548,0.807482788187587,285,2020-05-16,2020-05-22,2020-05-19
"Alberta","cases",120,126,0.778647949267366,0.0666964712556943,0.656158768954948,0.673112514906439,0.73230364763159,0.776617648840247,0.822594764801987,0.891670974637524,0.915264864693519,179,2020-05-23,2020-05-29,2020-05-26
"Alberta","cases",127,133,0.722790837739677,0.0672042334213169,0.597349829888665,0.616457687819233,0.676204299934786,0.721067651973356,0.767264615600368,0.835861867161177,0.859532305114646,120,2020-05-30,2020-06-05,2020-06-02
"Alberta","cases",134,140,1.65104993959668,0.131844548099968,1.40244408080263,1.44098818175577,1.56102880276491,1.64753542928478,1.73855931453953,1.87430338442046,1.91889075317266,248,2020-06-06,2020-06-12,2020-06-09
"Alberta","cases",141,147,1.1163949747704,0.0710454319168916,0.981753102165416,1.00197914928427,1.06739959810942,1.11509748542505,1.16307948940103,1.23518216795676,1.26019495114372,279,2020-06-13,2020-06-19,2020-06-16
"Alberta","cases",148,154,0.93633019218074,0.0582867122757498,0.826114379187955,0.842883246990358,0.89653552914363,0.93521264226489,0.974540583231358,1.03460978352509,1.05546602750421,263,2020-06-20,2020-06-26,2020-06-23
"Alberta","cases",155,161,1.24199529213363,0.0664989751149477,1.11744945487859,1.13530539918114,1.19596087821169,1.24063849613045,1.28579451261063,1.35374559683571,1.37562384856544,371,2020-06-27,2020-07-03,2020-06-30
"Alberta","cases",162,168,1.06968065182598,0.0618641525707517,0.952079337387569,0.970162044851433,1.02730044823684,1.06809087445319,1.11065570570305,1.17402034344299,1.1949556822209,337,2020-07-04,2020-07-10,2020-07-07
"Alberta","cases",169,175,1.60180648431642,0.102131425061356,1.41180066125849,1.44020726453872,1.53133418711117,1.59794762870147,1.66876345909968,1.77553363189264,1.81235237287954,623,2020-07-11,2020-07-17,2020-07-14
"Alberta","cases",176,182,1.27092422701523,0.0613626711445746,1.15631668419534,1.17326725963297,1.22823310967797,1.26884480387381,1.31230623271624,1.37428868987995,1.39436449192406,865,2020-07-18,2020-07-24,2020-07-21
"Alberta","cases",183,189,0.92475677586037,0.039513341449308,0.849852546850415,0.861177901298341,0.897743948465748,0.923947176592541,0.951015519218663,0.991471952317535,1.00327676547124,755,2020-07-25,2020-07-31,2020-07-28
"Alberta","cases",190,196,0.87683220395096,0.0407494146914871,0.798248293064525,0.811068939806796,0.849536418626684,0.876227873146116,0.904159542606282,0.944748353155152,0.95829637923903,591,2020-08-01,2020-08-07,2020-08-04
"Alberta","cases",197,203,0.951268745816446,0.0407908769118718,0.874381866521132,0.88532648795286,0.923589333173083,0.950324406263488,0.977601592849071,1.02001487156984,1.03484252155106,623,2020-08-08,2020-08-14,2020-08-11
"Alberta","cases",204,210,1.09505579940277,0.0415688133793131,1.0152905983843,1.02795724638563,1.06691625562347,1.09443469207645,1.12260247007922,1.16476080716547,1.17918052784536,695,2020-08-15,2020-08-21,2020-08-18
"Alberta","cases",211,217,1.07272522379849,0.0400893436601595,0.995401518676167,1.0072248979004,1.04573809988735,1.07227414763627,1.0998200927791,1.13914988348052,1.15242067799177,728,2020-08-22,2020-08-28,2020-08-25
"Alberta","cases",218,224,1.2304531418416,0.057578629678415,1.12421040169126,1.14029034856223,1.19025657942235,1.22781600819793,1.26802799138712,1.32989357919202,1.34973581535466,998,2020-08-29,2020-09-04,2020-09-01
"Alberta","cases",225,231,1.03331935741371,0.0374297583249997,0.962495951087035,0.973271874212383,1.00800255464261,1.03249228491829,1.05800582986599,1.09610442505205,1.1091163413886,941,2020-09-05,2020-09-11,2020-09-08
"Alberta","cases",232,238,0.951740142767397,0.0344320978333403,0.885400040809725,0.895535833846464,0.928332308775192,0.951418820114255,0.974846866659279,1.00899716259298,1.0199554484479,966,2020-09-12,2020-09-18,2020-09-15
"Alberta","cases",239,245,1.0178938336615,0.0334441112331098,0.953717656742866,0.963747554880329,0.995186243235921,1.01752151443665,1.04007196234947,1.07390701214056,1.08544922401731,962,2020-09-19,2020-09-25,2020-09-22
"Alberta","cases",246,252,1.03558194027207,0.0334464143710528,0.971367630530634,0.981545310027182,1.01279908182974,1.03527635470254,1.05768482973871,1.0915156445702,1.10213993126714,1014,2020-09-26,2020-10-02,2020-09-29
"Alberta","cases",253,259,1.4723968004362,0.0575551727300903,1.36415910318432,1.38015860002926,1.43266305212859,1.47044737086018,1.51046287500068,1.57154884066226,1.58838899217972,1638,2020-10-03,2020-10-09,2020-10-06
"Alberta","cases",260,266,1.17667859806505,0.0325865045623517,1.11224674543674,1.12283803102592,1.15478260181241,1.17687923369529,1.19880501216324,1.22994167604167,1.2400945590143,1780,2020-10-10,2020-10-16,2020-10-13
"Alberta","cases",267,273,1.23426697277881,0.0397909530562236,1.16159553183973,1.17214161147632,1.20697260610382,1.2325724998012,1.25908312021564,1.30220144652023,1.31901633557513,2486,2020-10-17,2020-10-23,2020-10-20
"Alberta","cases",274,280,1.25457285807064,0.0411013927465623,1.17988059161963,1.1903956164954,1.22569842946342,1.25221059976114,1.28160890753698,1.32557147859888,1.33986384701542,3403,2020-10-24,2020-10-30,2020-10-27
"Alberta","cases",281,287,1.32995665154775,0.0333975969643422,1.2650918697718,1.27537466942507,1.30767163698254,1.32958655180676,1.35082384429776,1.38690634631457,1.39951741641756,4194,2020-10-31,2020-11-06,2020-11-03
"Alberta","cases",288,294,1.16437962479397,0.0376956369175335,1.08999493918964,1.10164992562576,1.13979688781067,1.16450299500117,1.18824199578342,1.22561953646595,1.24039974058829,5454,2020-11-07,2020-11-13,2020-11-10
"Alberta","cases",295,301,1.15870726005306,0.0245567669082357,1.11020360332806,1.11787868010227,1.14192397407715,1.15896133589532,1.17564950779332,1.19887690998127,1.20588469518799,6640,2020-11-14,2020-11-20,2020-11-17
"Alberta","cases",302,308,1.12144876678379,0.0265262591651526,1.07149551899286,1.07831291878321,1.10278419473977,1.1210797190678,1.13989519479572,1.16550531425291,1.17387645024584,9153,2020-11-21,2020-11-27,2020-11-24
"Alberta","cases",309,315,1.22535920138313,0.0159122459210999,1.19378250356972,1.19895403609007,1.21476787213089,1.22557607351119,1.23606604482989,1.25134152635127,1.25600775079849,11746,2020-11-28,2020-12-04,2020-12-01
"Alberta","cases",316,322,1.00353242363182,0.0135425052311678,0.977941825014962,0.981906282003117,0.994106280034812,1.00311407950253,1.01268227068974,1.0263394031055,1.03078285297989,11941,2020-12-05,2020-12-11,2020-12-08
"Alberta","cases",323,329,0.927787202179564,0.0102538783561473,0.908072044702169,0.911198229519102,0.920769384870809,0.92765222115072,0.934695737400325,0.944798923993461,0.948046411857795,10789,2020-12-12,2020-12-18,2020-12-15
"Alberta","cases",330,336,0.725935106469065,0.0140939644179281,0.698295221021514,0.702644466968989,0.716477186376308,0.72592791681433,0.735562663097937,0.749212432051158,0.753583337472804,7300,2020-12-19,2020-12-25,2020-12-22
"Alberta","deaths",295,301,1.30397004892279,0.166328909181596,0.999049102997892,1.04163520362303,1.18898253116916,1.29628848466002,1.41140471886399,1.59057184388505,1.65221589744993,64,2020-11-14,2020-11-20,2020-11-17
"Alberta","deaths",302,308,0.970631617457712,0.129310428495933,0.734663608249189,0.769946541648073,0.880598908246081,0.964939754905114,1.05417890577858,1.19418429814515,1.24364290608877,57,2020-11-21,2020-11-27,2020-11-24
"Alberta","deaths",309,315,1.19778304299707,0.14132813236487,0.937471876671186,0.975455482904205,1.09900965774898,1.19320821484599,1.28946593441862,1.43938192992574,1.49018369369867,71,2020-11-28,2020-12-04,2020-12-01
"Alberta","deaths",316,322,1.18360536553015,0.123896807905614,0.9543127781658,0.988375270051004,1.09831401605119,1.17861468813306,1.26422143112601,1.39544782844091,1.43756754419559,94,2020-12-05,2020-12-11,2020-12-08
"Alberta","deaths",323,329,1.30905880520538,0.11529803837843,1.09363510174704,1.1261144284862,1.22944648201687,1.30508168020985,1.38645666168026,1.50232924646467,1.54295582662441,131,2020-12-12,2020-12-18,2020-12-15
"Alberta","deaths",330,336,0.589671251344336,0.0690163819697168,0.462601363554767,0.481578315454486,0.541561885332771,0.586478828440826,0.634925460989737,0.708035793567222,0.731102510529486,75,2020-12-19,2020-12-25,2020-12-22
"British Columbia","cases",50,56,3.93559436411943,0.839973469896996,2.58916709871381,2.73407532816034,3.31914460972792,3.83045798459171,4.46418457134283,5.49428505030573,5.81969375381692,284,2020-03-14,2020-03-20,2020-03-17
"British Columbia","cases",57,63,1.30471468100335,0.0843309107743618,1.15055247830489,1.17273754782005,1.24648696768165,1.30137152201703,1.3595694856609,1.44866213821226,1.47944527998038,444,2020-03-21,2020-03-27,2020-03-24
"British Columbia","cases",64,70,0.858458499132966,0.0483418307962062,0.766791562889413,0.781105028812902,0.825479730371363,0.857307992464275,0.889942734096815,0.940124208017487,0.958010067750537,382,2020-03-28,2020-04-03,2020-03-31
"British Columbia","cases",71,77,0.734337704454879,0.0517203777650956,0.636020964883365,0.651632657119898,0.698626692789102,0.733340347359182,0.768672947343035,0.821139315066172,0.838592743222673,236,2020-04-04,2020-04-10,2020-04-07
"British Columbia","cases",78,84,0.876433454453314,0.0614243228047897,0.760033997366428,0.778280862390397,0.834542234811966,0.874610955327364,0.917031637071498,0.979479891869602,1.00167746425756,208,2020-04-11,2020-04-17,2020-04-14
"British Columbia","cases",85,91,1.12364757330007,0.075663806590639,0.979388639653146,1.00171394964394,1.07238359047102,1.12224564975698,1.1731417902293,1.25081401716492,1.27767587162629,235,2020-04-18,2020-04-24,2020-04-21
"British Columbia","cases",92,98,1.01382979231025,0.0627318566064953,0.895087834289817,0.913035049075294,0.970930341239833,1.01258957059745,1.05558041729862,1.11835564221081,1.13893715666447,291,2020-04-25,2020-05-01,2020-04-28
"British Columbia","cases",99,105,0.751118200143624,0.0640409883258382,0.631239065861672,0.649797752650807,0.706617212999892,0.748703284453285,0.793181023548819,0.860941712853217,0.883036319891583,170,2020-05-02,2020-05-08,2020-05-05
"British Columbia","cases",106,112,0.620065536785498,0.0674402999374866,0.495424778806516,0.514508520893756,0.573796480569972,0.617067945353606,0.663376913585269,0.735744878017783,0.76166959572477,92,2020-05-09,2020-05-15,2020-05-12
"British Columbia","cases",113,119,1.04039227399618,0.105378725795526,0.844203320566118,0.872791508768971,0.968449360702149,1.03674969112085,1.10925574278233,1.21947370482297,1.25748538369891,100,2020-05-16,2020-05-22,2020-05-19
"British Columbia","cases",120,126,0.621670388967811,0.0832005857107733,0.468870010048238,0.491729893186221,0.563636777028298,0.617497533835158,0.676610706217395,0.765239569672461,0.797328977496901,55,2020-05-23,2020-05-29,2020-05-26
"British Columbia","cases",127,133,1.06381242705954,0.134490126402548,0.817590038944774,0.855370145669617,0.97067175679611,1.05798564974344,1.1498198446662,1.29529235298511,1.34473319453301,67,2020-05-30,2020-06-05,2020-06-02
"British Columbia","cases",134,140,1.32125888498749,0.147610484822765,1.04885205148048,1.08656961688084,1.21947123656528,1.3158573716974,1.41688120512256,1.5728842692388,1.6248508617305,80,2020-06-06,2020-06-12,2020-06-09
"British Columbia","cases",141,147,0.989009990856926,0.110416418251537,0.78442917808441,0.814556258756873,0.912514101488897,0.984966426081774,1.06020635284115,1.1782616147304,1.21702426795662,80,2020-06-13,2020-06-19,2020-06-16
"British Columbia","cases",148,154,1.10773064556958,0.119018754948084,0.88650397523779,0.919156717622724,1.02395239895921,1.10447342021111,1.18664758256972,1.30879482114448,1.35244649797251,87,2020-06-20,2020-06-26,2020-06-23
"British Columbia","cases",155,161,0.896125425715418,0.108672315820224,0.69679425977407,0.725204103641018,0.820336736870994,0.891360097076177,0.966262901726624,1.08332159866357,1.1210126687823,72,2020-06-27,2020-07-03,2020-06-30
"British Columbia","cases",162,168,1.39282068609781,0.140747671096467,1.12927549659215,1.16999678995092,1.2958364602269,1.38819595305485,1.48370809467497,1.63092311194358,1.68460196012394,106,2020-07-04,2020-07-10,2020-07-07
"British Columbia","cases",169,175,1.23549108994879,0.111168976640822,1.0299386372503,1.06037641935787,1.15824151352844,1.23128157006937,1.30742675265251,1.42458748241705,1.46689351938647,144,2020-07-11,2020-07-17,2020-07-14
"British Columbia","cases",176,182,1.35521495981429,0.10992379180815,1.15281892021113,1.18306412535938,1.27904823976792,1.35073349994841,1.42709596501532,1.54469969351403,1.58202806969231,221,2020-07-18,2020-07-24,2020-07-21
"British Columbia","cases",183,189,1.07449644316679,0.0738892708554828,0.933559932744961,0.955662682694283,1.02375860234233,1.07287468068722,1.12332360482443,1.19817050866523,1.22494209246958,224,2020-07-25,2020-07-31,2020-07-28
"British Columbia","cases",190,196,1.35053917086529,0.089203630909468,1.17926210228299,1.20482327897462,1.28908553983335,1.34979215597286,1.41041043654823,1.49921575110927,1.52760496133246,291,2020-08-01,2020-08-07,2020-08-04
"British Columbia","cases",197,203,1.31096753641148,0.0714724565386342,1.17602901310325,1.19705409312812,1.26265495907091,1.30859806676982,1.3573214461979,1.43136181763552,1.45645315631803,422,2020-08-08,2020-08-14,2020-08-11
"British Columbia","cases",204,210,1.19833356531086,0.0654859388497292,1.07539197237535,1.09364197293976,1.15367309249369,1.19610720602324,1.24056701108264,1.3105994725039,1.33409747886943,559,2020-08-15,2020-08-21,2020-08-18
"British Columbia","cases",211,217,1.03744928604652,0.0439636871419434,0.953567118355034,0.966443420639334,1.00716005226525,1.03677619976087,1.06713259493145,1.11097586362199,1.12516149228903,583,2020-08-22,2020-08-28,2020-08-25
"British Columbia","cases",218,224,1.12444263243205,0.0449230921050236,1.0382902508072,1.05210824006598,1.09358961003573,1.12373906035481,1.15451046619263,1.19920458525027,1.21483704680953,666,2020-08-29,2020-09-04,2020-09-01
"British Columbia","cases",225,231,1.28441469830232,0.0557247826341807,1.17632330579724,1.19331939758848,1.24693782997074,1.28421858347954,1.32084003925255,1.3766804846767,1.39692228061352,799,2020-09-05,2020-09-11,2020-09-08
"British Columbia","cases",232,238,1.03806798933035,0.0413171543989511,0.957108846142746,0.970049503790327,1.01043086637425,1.03751734848504,1.06567266369411,1.10618121174237,1.12044093814775,880,2020-09-12,2020-09-18,2020-09-15
"British Columbia","cases",239,245,0.896884766327257,0.0322042701311632,0.834863232796483,0.84444025103999,0.874918318959647,0.896510661468432,0.918373784173868,0.950548217886134,0.960419698215312,799,2020-09-19,2020-09-25,2020-09-22
"British Columbia","cases",246,252,0.95801346529359,0.0380754528378813,0.885118978676285,0.896200612782901,0.9318990631467,0.957424701531208,0.983524303030954,1.02144195800618,1.0349745513791,740,2020-09-26,2020-10-02,2020-09-29
"British Columbia","cases",253,259,1.04000226218029,0.0399930753315482,0.964591434497883,0.975478211894156,1.01241840243787,1.03948967758092,1.06649981657977,1.10680656667465,1.12063998171604,804,2020-10-03,2020-10-09,2020-10-06
"British Columbia","cases",260,266,1.32002372853409,0.0576463768266109,1.20846003904179,1.22645760128757,1.28114266741896,1.31927796795588,1.3577906902378,1.41644503845498,1.43579167869782,1004,2020-10-10,2020-10-16,2020-10-13
"British Columbia","cases",267,273,1.22313805606828,0.0450045866596473,1.13906520291259,1.1521241666123,1.19251220199689,1.22191138216028,1.25204748589169,1.29863540272047,1.31531537188601,1365,2020-10-17,2020-10-23,2020-10-20
"British Columbia","cases",274,280,1.22099217536721,0.0487531486680952,1.13002472473335,1.14393455105682,1.1871999667613,1.21935421695824,1.25249847673072,1.30423785950359,1.32265598597185,1827,2020-10-24,2020-10-30,2020-10-27
"British Columbia","cases",281,287,1.40891516205467,0.0444625235902188,1.323168776663,1.33697456564262,1.37902030286456,1.40807731775292,1.43793908406922,1.48408848414452,1.49843665244286,2768,2020-10-31,2020-11-06,2020-11-03
"British Columbia","cases",288,294,1.2316412084246,0.0333860255286933,1.16761936771634,1.17761570264447,1.20842165928348,1.23147985005039,1.25349713483348,1.28722176455449,1.29915359646469,3836,2020-11-07,2020-11-13,2020-11-10
"British Columbia","cases",295,301,1.16632633804078,0.0503274299659997,1.07260651625055,1.08554861352529,1.13103891709248,1.16481458738196,1.2005304413533,1.25235493056597,1.26728465919112,4489,2020-11-14,2020-11-20,2020-11-17
"British Columbia","cases",302,308,1.19232675776227,0.017200749366204,1.15832787718013,1.16392439650092,1.18085301653028,1.19241689810008,1.20398332761409,1.22065270353779,1.22596914574892,5410,2020-11-21,2020-11-27,2020-11-24
"British Columbia","cases",309,315,0.964433688440246,0.0162862001609478,0.933013558906723,0.937765380254116,0.953471744058123,0.964334387735465,0.975275692394502,0.991448121369194,0.997063448629912,5248,2020-11-28,2020-12-04,2020-12-01
"British Columbia","cases",316,322,0.914607520383457,0.0180967191712522,0.879912653653829,0.885382625841048,0.902213292229557,0.914092746702425,0.9265931377261,0.945070667433057,0.951277096303632,4665,2020-12-05,2020-12-11,2020-12-08
"British Columbia","cases",323,329,0.974912457482881,0.0148619535781696,0.945988384969236,0.950670685289233,0.964848496342938,0.974916203641837,0.984967184487336,0.999204298355761,1.00423691605836,4603,2020-12-12,2020-12-18,2020-12-15
"British Columbia","cases",330,336,0.731839084492146,0.0181926155497041,0.696503559541085,0.702418192649818,0.71950337984919,0.731748254426508,0.743939231161657,0.762090600187448,0.768097992881766,3209,2020-12-19,2020-12-25,2020-12-22
"British Columbia","deaths",302,308,1.50682462025089,0.191088755266245,1.15679719119896,1.20653344064269,1.37442405134172,1.49700601299843,1.63140032509299,1.83543188199866,1.90214008916388,64,2020-11-21,2020-11-27,2020-11-24
"British Columbia","deaths",309,315,1.28826656665376,0.147755926215399,1.01974973080309,1.05728999095302,1.18482021994273,1.28129348601453,1.38438301175457,1.54492224545485,1.59479660565799,97,2020-11-28,2020-12-04,2020-12-01
"British Columbia","deaths",316,322,1.15567289925902,0.112268781153181,0.947383943869386,0.978011751783231,1.07790278216735,1.15249166684978,1.22915340261173,1.34482727266532,1.38535200704668,106,2020-12-05,2020-12-11,2020-12-08
"British Columbia","deaths",323,329,1.1288631629446,0.104202414910734,0.93377713735052,0.963663004358031,1.05649160199544,1.12581993498378,1.19781190752537,1.30459522128736,1.34120756503855,126,2020-12-12,2020-12-18,2020-12-15
"British Columbia","deaths",330,336,0.708076871864776,0.0790301562432787,0.562782193613735,0.584126659690701,0.653611660443758,0.704223818251353,0.759183186036336,0.844366901154166,0.872057462006182,84,2020-12-19,2020-12-25,2020-12-22
"Manitoba","cases",64,70,2.56229091276645,0.356287730204411,1.96446997478862,2.0444202584642,2.31019540259773,2.52613363914602,2.77631979098597,3.20444140964917,3.36617194195446,143,2020-03-28,2020-04-03,2020-03-31
"Manitoba","cases",190,196,2.50875361284501,0.323256507644563,1.91157131605229,2.00243910523654,2.28275136011219,2.49626827121681,2.71853273389012,3.05928785034289,3.18032962468687,76,2020-08-01,2020-08-07,2020-08-04
"Manitoba","cases",197,203,1.40305334145241,0.137517041480042,1.1521944699427,1.18921403298409,1.3070261900888,1.39639124498582,1.490730274579,1.63921029836429,1.69072962709442,152,2020-08-08,2020-08-14,2020-08-11
"Manitoba","cases",204,210,1.1632367249829,0.0890846801933215,0.994095326452795,1.02066635567164,1.10146461808407,1.16128317051394,1.22179536640149,1.31296849348271,1.34339067913067,186,2020-08-15,2020-08-21,2020-08-18
"Manitoba","cases",211,217,1.13432847839125,0.076980415254225,0.98907044367482,1.01099883460047,1.08137999508384,1.13167313667891,1.18474910423716,1.26521532508307,1.29025454610389,267,2020-08-22,2020-08-28,2020-08-25
"Manitoba","cases",218,224,0.737869022141477,0.0591806846986639,0.626800817713221,0.643105895138512,0.697366685958337,0.736151418767475,0.776783353057875,0.837697928981231,0.858785713727116,177,2020-08-29,2020-09-04,2020-09-01
"Manitoba","cases",225,231,0.839054045262573,0.0837195872230171,0.685963710741986,0.707744528953981,0.780722683889713,0.836024287690916,0.893341428480224,0.98295939180216,1.01289345551031,120,2020-09-05,2020-09-11,2020-09-08
"Manitoba","cases",232,238,1.27772883316981,0.107326562544017,1.07638815928686,1.107460425631,1.20307192353122,1.27511409852659,1.34862902344151,1.45928265620925,1.49624857823842,147,2020-09-12,2020-09-18,2020-09-15
"Manitoba","cases",239,245,1.45597929751493,0.10293922125126,1.26028354056959,1.29173478441503,1.38575228333675,1.45340708513979,1.52308948778786,1.62918918628739,1.66603092391821,224,2020-09-19,2020-09-25,2020-09-22
"Manitoba","cases",246,252,1.09102021232413,0.0710994426874831,0.957932858721958,0.977743233376597,1.04198416294604,1.08874464932909,1.13747004399922,1.21211802906557,1.23728790468859,304,2020-09-26,2020-10-02,2020-09-29
"Manitoba","cases",253,259,1.27957051948454,0.0690534423282313,1.14881056363109,1.16857646706538,1.23280801739778,1.27798096195979,1.32516397007591,1.39546270376306,1.41900877791738,360,2020-10-03,2020-10-09,2020-10-06
"Manitoba","cases",260,266,1.66931750819958,0.104816671140818,1.4679636723008,1.49654406899434,1.59752659763562,1.66862042731318,1.74075449217838,1.84275428560571,1.87835258787583,745,2020-10-10,2020-10-16,2020-10-13
"Manitoba","cases",267,273,1.07207132374769,0.043420611305025,0.990673020486767,1.0023932667612,1.04227052119975,1.07071778068587,1.10067102877303,1.14520372806599,1.16025914119486,762,2020-10-17,2020-10-23,2020-10-20
"Manitoba","cases",274,280,1.58681315677057,0.0621324267515619,1.4727329981225,1.48935079933993,1.54413883423241,1.58364553484107,1.62656498615125,1.69532097355447,1.71893849611328,1439,2020-10-24,2020-10-30,2020-10-27
"Manitoba","cases",281,287,1.20615803945794,0.0482099446878807,1.11932732640357,1.13232473916724,1.17309395321182,1.20341239474428,1.23577558305834,1.28964517170546,1.30968258867248,2044,2020-10-31,2020-11-06,2020-11-03
"Manitoba","cases",288,294,1.27933938988208,0.038048514456157,1.20732113942074,1.21845520647705,1.2527595781812,1.27881749741407,1.3054373798894,1.34321593422331,1.35466142742844,2796,2020-11-07,2020-11-13,2020-11-10
"Manitoba","cases",295,301,0.984909731665332,0.0220901458146921,0.942945776649608,0.949418245868171,0.969542193025396,0.984429573850566,0.99966088335057,1.02214116237071,1.02949501259973,2703,2020-11-14,2020-11-20,2020-11-17
"Manitoba","cases",302,308,0.982243346088872,0.0204415113633975,0.9421055302499,0.948666178281297,0.968376880959588,0.982013206103354,0.995983317629136,1.01586934950616,1.02244632301086,2714,2020-11-21,2020-11-27,2020-11-24
"Manitoba","cases",309,315,0.886844225096765,0.0222877085177555,0.844440676269854,0.850860149696112,0.871484854406623,0.886436599813849,0.901864852230364,0.92400671629967,0.930887022506936,2438,2020-11-28,2020-12-04,2020-12-01
"Manitoba","cases",316,322,0.990580596429163,0.0218673667640904,0.948238454292936,0.954845647505727,0.975685766962721,0.990415134390601,1.00528832131859,1.02682612745204,1.03380056891208,2321,2020-12-05,2020-12-11,2020-12-08
"Manitoba","cases",323,329,0.902804777440436,0.021071606510087,0.86175587213484,0.868475192719356,0.888590961717962,0.902747858448902,0.916923310100883,0.937841756417981,0.944852823421008,2002,2020-12-12,2020-12-18,2020-12-15
"Manitoba","cases",330,336,0.6724992301687,0.0232749623517603,0.627810737548994,0.634775503791919,0.656621252054682,0.672281377142699,0.688310416929562,0.711106553830561,0.718316975067367,1232,2020-12-19,2020-12-25,2020-12-22
"Manitoba","deaths",295,301,1.30226283644992,0.163711214040239,1.00440834853461,1.04632138675632,1.1874145736447,1.29419119104502,1.40670787057558,1.58442325382276,1.64456228438428,70,2020-11-14,2020-11-20,2020-11-17
"Manitoba","deaths",302,308,1.12030633775187,0.131054369256372,0.876147110034299,0.912257843582791,1.03016633744041,1.11462194794633,1.20506038431642,1.34301316824796,1.39214636287604,73,2020-11-21,2020-11-27,2020-11-24
"Manitoba","deaths",309,315,1.11726082615493,0.124210916885122,0.888020738362461,0.922301538756726,1.03122773928996,1.11231129454447,1.19797153587499,1.32941923827401,1.37619176554989,83,2020-11-28,2020-12-04,2020-12-01
"Manitoba","deaths",316,322,1.12523530943548,0.112012476951481,0.915491027080925,0.94794465024629,1.04769635600287,1.12066829323305,1.19766105109034,1.31635171062506,1.35631856671992,102,2020-12-05,2020-12-11,2020-12-08
"Manitoba","deaths",323,329,0.881160503363505,0.097791982464747,0.698716141275696,0.725198120405208,0.813583134319432,0.877684097045729,0.94440942342657,1.04782898470764,1.08074053137435,82,2020-12-12,2020-12-18,2020-12-15
"Manitoba","deaths",330,336,0.904481508577621,0.1069371490867,0.707198858252732,0.736837453900597,0.829109789937982,0.900827633707037,0.975355002495757,1.08608034892606,1.12486839643914,71,2020-12-19,2020-12-25,2020-12-22
"Maritime Provinces","cases",57,63,3.72058734177023,0.632664966749022,2.62317350835836,2.75476811462894,3.24808189229943,3.6905169372829,4.1425012739414,4.82122584018287,5.05811168439416,216,2020-03-21,2020-03-27,2020-03-24
"Maritime Provinces","cases",64,70,1.0972677634169,0.0809455515360357,0.948389206432424,0.969492096142896,1.04154059959577,1.09392183425127,1.15002884169767,1.23664114533901,1.26498800488093,271,2020-03-28,2020-04-03,2020-03-31
"Maritime Provinces","cases",71,77,0.970287940272402,0.0602946108759491,0.856787081026974,0.873095566581757,0.929114571757421,0.968432189829058,1.01010744371063,1.07128628430579,1.09186168801014,264,2020-04-04,2020-04-10,2020-04-07
"Maritime Provinces","cases",78,84,0.940115316955869,0.0641842112332686,0.819375007092744,0.837317621434181,0.896249057822593,0.938183624512721,0.983157227404777,1.04922641480079,1.07062174545129,222,2020-04-11,2020-04-17,2020-04-14
"Maritime Provinces","cases",85,91,1.01242220651216,0.0652476009889527,0.889080999453159,0.908110590668284,0.96725962715798,1.01092509660958,1.05582865447773,1.12168182463273,1.14387059009814,245,2020-04-18,2020-04-24,2020-04-21
"Maritime Provinces","cases",92,98,0.561134258265876,0.0553703772355468,0.458283180407337,0.472851501967139,0.523177143341375,0.559151980247386,0.597078162146534,0.655453369264415,0.676095198280745,113,2020-04-25,2020-05-01,2020-04-28
"Maritime Provinces","cases",99,105,0.528266450975455,0.0768717823424874,0.390499042382464,0.409724206608177,0.474113740696892,0.523874535282979,0.577456996662237,0.661616627806712,0.691245226210265,52,2020-05-02,2020-05-08,2020-05-05
"Maritime Provinces","cases",260,266,1.05597294002928,0.139318248536198,0.803770719694903,0.84116707559726,0.959450039632303,1.04798479536905,1.1464335957813,1.29382853774063,1.34822544297803,73,2020-10-10,2020-10-16,2020-10-13
"Maritime Provinces","cases",295,301,1.91743832699927,0.253464138700462,1.46061705417973,1.52528398979119,1.73873704532139,1.90352277916449,2.08337070410659,2.35175083508085,2.44933185981166,79,2020-11-14,2020-11-20,2020-11-17
"Maritime Provinces","cases",302,308,1.74494031972798,0.181044777976171,1.42378155602043,1.46994295702205,1.61631721882335,1.73366541310249,1.85890979209526,2.06108973743032,2.13575309314661,203,2020-11-21,2020-11-27,2020-11-24
"Maritime Provinces","cases",309,315,0.865922580598848,0.0725188783697237,0.731749523622103,0.751642558548403,0.815813873667898,0.862782839845059,0.913415617701275,0.991074232257752,1.01691919106353,159,2020-11-28,2020-12-04,2020-12-01
"Maritime Provinces","cases",316,322,0.66752216857866,0.0712710512952263,0.538058211413332,0.555792515155324,0.617938823293236,0.664580277700497,0.714054733446526,0.789674708869472,0.81539427729788,93,2020-12-05,2020-12-11,2020-12-08
"Maritime Provinces","cases",323,329,0.936974502894266,0.106648349535692,0.740217156043338,0.770294079771987,0.862794989231238,0.932365839890868,1.00631461381636,1.11968383489532,1.16029868745816,82,2020-12-12,2020-12-18,2020-12-15
"Maritime Provinces","cases",330,336,0.730930083708622,0.0979844075641162,0.549910756295049,0.576753544726245,0.663097775765589,0.726409637226494,0.79439299569146,0.901293979954713,0.935306050996399,55,2020-12-19,2020-12-25,2020-12-22
"Territories","cases",295,301,3.09816664139054,0.867917680623738,1.89514682443362,2.02240688206201,2.48197849041431,2.93193601811233,3.52477157700109,4.75699896916596,5.30660376588798,85,2020-11-14,2020-11-20,2020-11-17
"Territories","cases",302,308,0.899343995168007,0.103242117543235,0.707754948765695,0.738603264030871,0.827573294722987,0.894302631031276,0.967047418964625,1.07560187145025,1.11299528982344,91,2020-11-21,2020-11-27,2020-11-24
"Territories","cases",309,315,0.861182783447397,0.123368900621798,0.636162758477297,0.67003707941681,0.775528237192987,0.855096493107748,0.939331133752052,1.07500815826322,1.12462388661534,56,2020-11-28,2020-12-04,2020-12-01
"Ontario","cases",43,49,2.8418866696452,0.398912253459463,2.11738895151467,2.21967066573879,2.56345783418167,2.8233485054397,3.10100264801413,3.52411127854726,3.67421692995306,51,2020-03-07,2020-03-13,2020-03-10
"Ontario","cases",50,56,2.28955355546807,0.273078793813273,1.82788240185693,1.88885408133911,2.09766208819719,2.26425336060813,2.44833079836573,2.78144332777281,2.91551109299788,239,2020-03-14,2020-03-20,2020-03-17
"Ontario","cases",57,63,2.2453080321782,0.172456457839387,1.91585137691708,1.96751625056958,2.12721121809511,2.24232419145666,2.36075681478977,2.53342920757666,2.59019111153622,674,2020-03-21,2020-03-27,2020-03-24
"Ontario","cases",64,70,2.63792182928782,0.291719917814528,2.08568112558321,2.16883338479456,2.42516083974732,2.62957374863286,2.83663422548727,3.13230800987848,3.22641423018218,2691,2020-03-28,2020-04-03,2020-03-31
"Ontario","cases",71,77,1.07387628048015,0.0389537089557724,1.0016027273624,1.01290891722836,1.04717823451178,1.07267747494651,1.09868623072843,1.13925303882689,1.15570686705359,3118,2020-04-04,2020-04-10,2020-04-07
"Ontario","cases",78,84,1.11011535568754,0.0199064477322988,1.07148151760015,1.0776565163081,1.0966217849023,1.10991152263998,1.12339266942483,1.14299226599462,1.14965800408931,3643,2020-04-11,2020-04-17,2020-04-14
"Ontario","cases",85,91,1.062581456013,0.0201770444960962,1.0232707153701,1.02972821190997,1.04891000433395,1.0622528591458,1.07574578282908,1.09636419063174,1.10305842123235,4037,2020-04-18,2020-04-24,2020-04-21
"Ontario","cases",92,98,0.853945260027761,0.0200485888633586,0.815671751821207,0.821689055806385,0.84018991683005,0.853579920802479,0.867225052526541,0.887268617466312,0.894172172517586,3235,2020-04-25,2020-05-01,2020-04-28
"Ontario","cases",99,105,0.946780976082672,0.0191698318585886,0.90954568738813,0.915800656714984,0.933798956879355,0.946507008353192,0.959746506552747,0.978367437641989,0.984512838781367,2969,2020-05-02,2020-05-08,2020-05-05
"Ontario","cases",106,112,0.861730536710071,0.0196856273804941,0.823650720788206,0.829764388785634,0.848199993563357,0.861466269367301,0.8748342278642,0.894621009495078,0.900840403939359,2449,2020-05-09,2020-05-15,2020-05-12
"Ontario","cases",113,119,1.12327292949136,0.0248922527454091,1.0741962426637,1.08238850465948,1.1064649842578,1.12328552795197,1.1400935966241,1.16403477813341,1.17181724936926,2853,2020-05-16,2020-05-22,2020-05-19
"Ontario","cases",120,126,0.903830978247455,0.0201955219386425,0.864974046975843,0.870822966791387,0.890092328397445,0.903635115848752,0.917334795744033,0.937300123074475,0.944084865042885,2625,2020-05-23,2020-05-29,2020-05-26
"Ontario","cases",127,133,1.03320365645822,0.0228447143561803,0.988988457548477,0.996210713016359,1.01754599235157,1.03278048805105,1.04859037789487,1.07093319645749,1.07888100212714,2687,2020-05-30,2020-06-05,2020-06-02
"Ontario","cases",134,140,0.783485065175205,0.0204809144604769,0.744456390311548,0.750291200516396,0.769407939806591,0.783216968915814,0.797298577082265,0.817767856536044,0.823890173586807,2023,2020-06-06,2020-06-12,2020-06-09
"Ontario","cases",141,147,0.779184111869494,0.0320862162877034,0.717748604090648,0.727387802428005,0.75768081354226,0.778504206083315,0.800113347320182,0.833409156797692,0.844362051590688,1411,2020-06-13,2020-06-19,2020-06-16
"Ontario","cases",148,154,0.935798218029763,0.029604487542634,0.878193773752019,0.887055030226029,0.915662423082571,0.93589193346428,0.95585756843522,0.984449063970785,0.993409995261613,1294,2020-06-20,2020-06-26,2020-06-23
"Ontario","cases",155,161,0.941005398197697,0.0273182853378826,0.888750242023545,0.896679115191498,0.922249102347071,0.940640499656909,0.959527581793413,0.986225571150972,0.995607838353816,1253,2020-06-27,2020-07-03,2020-06-30
"Ontario","cases",162,168,0.827585449088853,0.0321375222057948,0.766434878688838,0.775338352535816,0.805478720176267,0.827474172265753,0.849033084928289,0.881452413844804,0.891740691385475,912,2020-07-04,2020-07-10,2020-07-07
"Ontario","cases",169,175,0.964889474966658,0.0346511229649454,0.897585649505426,0.908616296415353,0.941422956677139,0.964565936458486,0.98809581166315,1.0223815033629,1.03343230859155,854,2020-07-11,2020-07-17,2020-07-14
"Ontario","cases",176,182,1.20290160486957,0.0390875679756062,1.12755850974859,1.13973888240514,1.17604222486487,1.20248693841995,1.22921793559241,1.26781025855073,1.28075047593986,1174,2020-07-18,2020-07-24,2020-07-21
"Ontario","cases",183,189,0.774168605795328,0.0299712551818213,0.716644878692976,0.725580784047384,0.753626190403805,0.773897503129395,0.794101230769883,0.824254601322772,0.833785547615074,819,2020-07-25,2020-07-31,2020-07-28
"Ontario","cases",190,196,0.819532938239882,0.0375530720530707,0.74791111839635,0.758857192118388,0.793792260739053,0.819017951512095,0.844150049743916,0.882825156941053,0.895768845380318,631,2020-08-01,2020-08-07,2020-08-04
"Ontario","cases",197,203,0.978461337939583,0.0408610176079079,0.900072293845291,0.912335884375112,0.950484522811859,0.977665944256382,1.00545130540663,1.04677694428483,1.06079892501,610,2020-08-08,2020-08-14,2020-08-11
"Ontario","cases",204,210,1.15656512950244,0.0444355803698288,1.07080980450816,1.08382079778139,1.12679006211517,1.15602452796212,1.18620362386983,1.23066665517585,1.24459416384807,708,2020-08-15,2020-08-21,2020-08-18
"Ontario","cases",211,217,1.08563149924343,0.0406944550817402,1.00716474870434,1.01987343480162,1.05770872664098,1.08465991529651,1.11291624718554,1.15416590803826,1.16748679843556,792,2020-08-22,2020-08-28,2020-08-25
"Ontario","cases",218,224,1.10002788044733,0.0375701497219572,1.02778925301436,1.03883475376879,1.07462927144184,1.0995570909535,1.1248902243003,1.16232940837814,1.17471661564794,909,2020-08-29,2020-09-04,2020-09-01
"Ontario","cases",225,231,1.29511634262428,0.0450375705869846,1.20886914376149,1.22261847716617,1.26420778514773,1.29441110971818,1.32501143231508,1.37059746125167,1.38455523285747,1293,2020-09-05,2020-09-11,2020-09-08
"Ontario","cases",232,238,1.45550710074012,0.0535152563975565,1.35244291291672,1.36939678104546,1.41944630860915,1.45417862601999,1.49033874220909,1.54584452476113,1.56390926234758,2102,2020-09-12,2020-09-18,2020-09-15
"Ontario","cases",239,245,1.24491378766159,0.0403971546244525,1.1685001368221,1.17984241380533,1.21742208491445,1.24416772929214,1.27095812498431,1.31247917251341,1.32780304439122,2938,2020-09-19,2020-09-25,2020-09-22
"Ontario","cases",246,252,1.31042245754793,0.0340978689017487,1.24432984445703,1.25519085466758,1.28747734023531,1.31004836837905,1.33322370439267,1.36714726867128,1.37874527507693,4201,2020-09-26,2020-10-02,2020-09-29
"Ontario","cases",253,259,1.12407374478687,0.0211734211473577,1.08415799559744,1.0900428167046,1.10943929977122,1.1234782200623,1.138038018701,1.15976951473672,1.16673409624308,4805,2020-10-03,2020-10-09,2020-10-06
"Ontario","cases",260,266,1.08111357877495,0.0200355059472314,1.042173689918,1.04847021858822,1.06763547248543,1.08099072682573,1.09444117863739,1.11422987551472,1.12127910873553,5488,2020-10-10,2020-10-16,2020-10-13
"Ontario","cases",267,273,1.01920772420711,0.0141178877561845,0.991329047474334,0.996121748362014,1.00966887959101,1.01904736946156,1.02871099122446,1.04254976926349,1.04693367213109,5414,2020-10-17,2020-10-23,2020-10-20
"Ontario","cases",274,280,1.09007748798505,0.0187854591147314,1.05402747979076,1.05979857120781,1.07747921573198,1.08980456530293,1.10226725868458,1.12157339393822,1.12818641728647,6472,2020-10-24,2020-10-30,2020-10-27
"Ontario","cases",281,287,1.09241122622886,0.0157521377693365,1.06157293517188,1.06657066238401,1.08173161308814,1.09247026617117,1.10294153597919,1.11845559623965,1.12346648544466,7109,2020-10-31,2020-11-06,2020-11-03
"Ontario","cases",288,294,1.26113401194815,0.0271157261552863,1.2085309766646,1.21688622495291,1.24266583068685,1.2610342552224,1.27937162181401,1.30612997827843,1.31444401489267,9806,2020-11-07,2020-11-13,2020-11-10
"Ontario","cases",295,301,0.988905620328525,0.0147701375894964,0.961323275330502,0.965306383360479,0.978615544300663,0.988552694032216,0.998709290979567,1.01382122306426,1.01875981343811,9738,2020-11-14,2020-11-20,2020-11-17
"Ontario","cases",302,308,1.07510684569621,0.0105943031209807,1.05446316156366,1.05777443274197,1.06796376579036,1.07502995068993,1.08219463542876,1.09278462059593,1.09611272099794,10628,2020-11-21,2020-11-27,2020-11-24
"Ontario","cases",309,315,1.11640436635918,0.0183651556891521,1.080966323305,1.08664656995634,1.10365897780993,1.11631776928429,1.12899793741558,1.14670306064083,1.15243142593126,12436,2020-11-28,2020-12-04,2020-12-01
"Ontario","cases",316,322,1.04306612583814,0.0105388713087818,1.02269078973683,1.0258175590109,1.035860050046,1.04305152555101,1.05004082405885,1.06051430627735,1.0641485485897,13219,2020-12-05,2020-12-11,2020-12-08
"Ontario","cases",323,329,1.12058825394308,0.0106707424645311,1.09919551452844,1.10300001666866,1.11341069180056,1.12065157882507,1.12785239012114,1.13811496566531,1.1411921364976,14846,2020-12-12,2020-12-18,2020-12-15
"Ontario","cases",330,336,0.924901559716924,0.0114854048639857,0.90273030054206,0.906052346364038,0.917206827235178,0.924814229767604,0.932345210265643,0.943967448239044,0.948061527241924,14369,2020-12-19,2020-12-25,2020-12-22
"Ontario","deaths",64,70,3.51130679503849,0.741733824869582,2.32412665879381,2.46349284599004,2.97047867008082,3.42038360449645,3.9536151587362,4.88896408318786,5.21057906403015,89,2020-03-28,2020-04-03,2020-03-31
"Ontario","deaths",71,77,1.47948920135146,0.131916495598446,1.23893274439994,1.27582662764845,1.38671892799082,1.47381792351464,1.56460792111937,1.70540642970635,1.75504821502608,171,2020-04-04,2020-04-10,2020-04-07
"Ontario","deaths",78,84,1.54891001721858,0.113733583795475,1.33368016274327,1.36602163515185,1.47050801231462,1.54683924028928,1.62390191298754,1.73956855710761,1.77836913437705,276,2020-04-11,2020-04-17,2020-04-14
"Ontario","deaths",85,91,1.10323120044853,0.0643545892328672,0.981477784996449,0.999962552808598,1.05947361653197,1.10202489091167,1.14552668410927,1.21126118759169,1.23355599767826,331,2020-04-18,2020-04-24,2020-04-21
"Ontario","deaths",92,98,1.14874559609331,0.0591331800534976,1.0369196409321,1.05439898139385,1.10831363790995,1.14733395630961,1.18791278388135,1.24773814195162,1.2679939370765,404,2020-04-25,2020-05-01,2020-04-28
"Ontario","deaths",99,105,1.04826754757938,0.053600655796877,0.946239286989595,0.962135576224495,1.01183763452156,1.04723227676677,1.08367513924964,1.13826756204361,1.15728841875424,427,2020-05-02,2020-05-08,2020-05-05
"Ontario","deaths",106,112,0.71127971914377,0.0464754504984224,0.622913214381682,0.636786140490986,0.679461869217078,0.710326240120631,0.741585414522019,0.789541384915888,0.805506328312201,289,2020-05-09,2020-05-15,2020-05-12
"Ontario","deaths",113,119,0.763888273237461,0.0612587979319647,0.648474291204069,0.666677260313255,0.721864190071728,0.762107342967955,0.803891869363331,0.869018872939137,0.889825718864873,195,2020-05-16,2020-05-22,2020-05-19
"Ontario","deaths",120,126,0.977407130600791,0.0718463832152241,0.842117170507374,0.863339888768198,0.927514155625544,0.975550955852193,1.02469308455738,1.09913069934467,1.12507087123177,191,2020-05-23,2020-05-29,2020-05-26
"Ontario","deaths",127,133,0.826248219126078,0.0740094965443029,0.687110240998563,0.707664057593751,0.775106871968743,0.824378179447028,0.874638797747249,0.951344112790766,0.976445021746289,137,2020-05-30,2020-06-05,2020-06-02
"Ontario","deaths",134,140,0.817282068402912,0.0716341241859347,0.68371904157846,0.703729306535877,0.767657819329977,0.814616511689456,0.86437215450013,0.937526326273514,0.96343749315104,131,2020-06-06,2020-06-12,2020-06-09
"Ontario","deaths",141,147,0.644958938966353,0.0876560822269332,0.485407798085391,0.507893962599227,0.584146440296755,0.640643929607725,0.700820485183416,0.798226563004588,0.830041416528204,62,2020-06-13,2020-06-19,2020-06-16
"Ontario","deaths",148,154,1.10054428822301,0.121322273913584,0.875264748438703,0.908305458654391,1.0158752957238,1.09572015131534,1.17942233494447,1.30762503117786,1.34923617965357,82,2020-06-20,2020-06-26,2020-06-23
"Ontario","deaths",281,287,1.55211075223051,0.180394260707974,1.22094237259475,1.26899752955988,1.42577020273418,1.54466357220663,1.6689128548473,1.86184991558843,1.92797651648709,86,2020-10-31,2020-11-06,2020-11-03
"Ontario","deaths",288,294,1.09932563070251,0.111596847646278,0.892555419014529,0.923849698557985,1.02263492132522,1.09454986776589,1.1719445072384,1.28943814874272,1.33237365754631,97,2020-11-07,2020-11-13,2020-11-10
"Ontario","deaths",295,301,1.20608761453669,0.108108125841946,1.00386691924495,1.03336289457742,1.13258410816453,1.20317498366108,1.2764112318372,1.39042176977872,1.42725852564745,128,2020-11-14,2020-11-20,2020-11-17
"Ontario","deaths",302,308,1.11967344190826,0.0936951741113671,0.943800760883791,0.969216786410472,1.05498505202983,1.1166957910812,1.18109264729741,1.2777883004262,1.31071495536789,145,2020-11-21,2020-11-27,2020-11-24
"Ontario","deaths",309,315,1.02349217228421,0.0835438371844964,0.867053918284556,0.889955438951942,0.966546703493542,1.02107386208959,1.0770114714802,1.16614125566982,1.19471798513787,151,2020-11-28,2020-12-04,2020-12-01
"Ontario","deaths",316,322,1.12834355124279,0.0875502961430931,0.964840491806414,0.989465263361629,1.06839847105512,1.12532432097247,1.18543451802717,1.27755787474612,1.30675393126637,169,2020-12-05,2020-12-11,2020-12-08
"Ontario","deaths",323,329,1.05135910821127,0.0781420301917161,0.902981525785386,0.925349541455585,0.998266065367186,1.04948715963755,1.10239020129523,1.18458317225754,1.21012790493649,181,2020-12-12,2020-12-18,2020-12-15
"Ontario","deaths",330,336,1.0504416824786,0.07454499791177,0.908957533183855,0.931645856304846,0.999221564538838,1.04816368085804,1.09969118769666,1.17709813974,1.20090708162865,204,2020-12-19,2020-12-25,2020-12-22
"Quebec","cases",50,56,3.2353817527062,0.631877612049611,2.21824185075315,2.34278376535247,2.78584026761871,3.14983940200609,3.61381253054409,4.38925275194421,4.68140226977257,122,2020-03-14,2020-03-20,2020-03-17
"Quebec","cases",57,63,4.59217087856357,1.40114433380086,2.75177960044624,2.93500768356374,3.64152337358932,4.2007172614442,5.2806814311982,7.27415085432623,8.16324490835527,1882,2020-03-21,2020-03-27,2020-03-24
"Quebec","cases",64,70,1.6486094686757,0.0909944780420838,1.48710617942847,1.50943900621644,1.58499622791146,1.64209356490785,1.70725814486288,1.81041009363847,1.8427976322085,4080,2020-03-28,2020-04-03,2020-03-31
"Quebec","cases",71,77,1.17982597788931,0.0356527330666933,1.11396329597827,1.12319586803735,1.15498158442915,1.17823412013325,1.20284994433025,1.24135235809215,1.25349043409469,5576,2020-04-04,2020-04-10,2020-04-07
"Quebec","cases",78,84,1.00870313272611,0.0174708983160299,0.974160261557268,0.979947004818057,0.997077334391156,1.00877865288265,1.02030057106116,1.03723056881475,1.04292036690141,5121,2020-04-11,2020-04-17,2020-04-14
"Quebec","cases",85,91,1.05550323470994,0.0213586184345499,1.01561054166877,1.0215819871982,1.04080965485915,1.05475926686039,1.0696120712341,1.09196237662538,1.09899789512655,5808,2020-04-18,2020-04-24,2020-04-21
"Quebec","cases",92,98,1.05538570814367,0.0141321843955461,1.027841901332,1.03220019758731,1.0456789092587,1.05540456343659,1.06484901363282,1.07891259164437,1.0835404538844,6041,2020-04-25,2020-05-01,2020-04-28
"Quebec","cases",99,105,1.05994264487019,0.0254517329113711,1.01268101754719,1.01998682447672,1.04278990333256,1.0590432415317,1.07586461525311,1.10369410210845,1.1137916067563,7503,2020-05-02,2020-05-08,2020-05-05
"Quebec","cases",106,112,0.820337658428747,0.0234045898134069,0.772307110049106,0.781178910412656,0.804755560766971,0.821007637478107,0.836406173873812,0.858342287960517,0.864814646596426,5270,2020-05-09,2020-05-15,2020-05-12
"Quebec","cases",113,119,0.906910396718798,0.0155651040205215,0.876511670583726,0.88143850477223,0.896528775640632,0.906908264665305,0.917249020543246,0.932746820809072,0.937350047137859,4720,2020-05-16,2020-05-22,2020-05-19
"Quebec","cases",120,126,0.900814827120192,0.0161592781833109,0.869397788368521,0.874324920414671,0.889875344393359,0.900737515204543,0.911688563673055,0.927542770194078,0.932592981483203,4090,2020-05-23,2020-05-29,2020-05-26
"Quebec","cases",127,133,0.60674561657053,0.0237040568334529,0.563156999147097,0.569475737903474,0.590114328604791,0.606102647772731,0.622290210050489,0.647067770225917,0.655263907473956,2166,2020-05-30,2020-06-05,2020-06-02
"Quebec","cases",134,140,0.665351278827249,0.033051927488595,0.602201151400519,0.611614482347602,0.642873280654184,0.66485742628537,0.687278297276156,0.721092426878438,0.731291992656357,1270,2020-06-06,2020-06-12,2020-06-09
"Quebec","cases",141,147,0.780119078469131,0.0369854457875953,0.70986890756098,0.72011951823707,0.754939002802032,0.779250297887635,0.804998476716166,0.841422457109898,0.853830531085957,884,2020-06-13,2020-06-19,2020-06-16
"Quebec","cases",148,154,0.64923656031413,0.0313156365221165,0.589885989465829,0.599263908431209,0.627813176807686,0.648727581080274,0.669876332495261,0.70207136285372,0.71222619068105,529,2020-06-20,2020-06-26,2020-06-23
"Quebec","cases",155,161,1.19156554055901,0.0920742639142228,1.0386658623791,1.05770117535153,1.12537047179488,1.18108998009835,1.24798511395401,1.3642019453304,1.39701664969198,603,2020-06-27,2020-07-03,2020-06-30
"Quebec","cases",162,168,1.02078959188125,0.0535455968400544,0.914183041702905,0.930066393192342,0.984597343523776,1.02204227960325,1.05769200279664,1.10676360506458,1.12248595885426,634,2020-07-04,2020-07-10,2020-07-07
"Quebec","cases",169,175,1.23661482081816,0.0504937821735286,1.13859767185997,1.15486591991245,1.20213953662089,1.23620941578253,1.27014980455127,1.32009773203775,1.33714244043362,826,2020-07-11,2020-07-17,2020-07-14
"Quebec","cases",176,182,1.1736006641263,0.0447200986549891,1.08906317255791,1.10210588451524,1.14266551185126,1.17253497894491,1.20320793608758,1.24861125298384,1.26366150838775,1101,2020-07-18,2020-07-24,2020-07-21
"Quebec","cases",183,189,0.970397151217518,0.0302340709307079,0.911667855677153,0.920999740023645,0.949801735362646,0.970191851797207,0.990483231993509,1.02032768374799,1.03044355399039,1069,2020-07-25,2020-07-31,2020-07-28
"Quebec","cases",190,196,0.917229323107359,0.0316380829086483,0.8565865799772,0.866210905167307,0.895597780125732,0.916696263276034,0.938307513849654,0.970046781103323,0.98012322589211,929,2020-08-01,2020-08-07,2020-08-04
"Quebec","cases",197,203,0.849874640063439,0.0317037487266413,0.789262071335237,0.798415268201258,0.828045278816082,0.849347544041694,0.871114365294163,0.902599518593355,0.912666815454445,763,2020-08-08,2020-08-14,2020-08-11
"Quebec","cases",204,210,0.7500852970613,0.0428642047746873,0.669492603450954,0.681547701518592,0.720642256823649,0.748817912421006,0.778442978032907,0.82287109470246,0.836844851535371,491,2020-08-15,2020-08-21,2020-08-18
"Quebec","cases",211,217,1.17651413415553,0.0557482970884286,1.06659457311558,1.08492905206756,1.13895935606946,1.17642430202049,1.2143678250154,1.26862088628241,1.28603887731627,629,2020-08-22,2020-08-28,2020-08-25
"Quebec","cases",218,224,1.41533798435543,0.0581664022911415,1.30601677139537,1.32208652564462,1.37516732910703,1.41378879711163,1.4539706934028,1.51300780554576,1.53334087905477,993,2020-08-29,2020-09-04,2020-09-01
"Quebec","cases",225,231,1.20346622679656,0.0457456745093548,1.11816729417136,1.13099095683326,1.17161882854853,1.20179288170584,1.23366585433795,1.28100496267565,1.2964338424505,1346,2020-09-05,2020-09-11,2020-09-08
"Quebec","cases",232,238,1.45772899258974,0.050133473114343,1.3572469356659,1.37405834451046,1.42440143515329,1.45851547079452,1.49200081463825,1.53830082639293,1.55350838419145,2190,2020-09-12,2020-09-18,2020-09-15
"Quebec","cases",239,245,1.41070250031909,0.0553596296069603,1.30919259552134,1.32370991387277,1.37146027147808,1.40827421744884,1.44785679816403,1.50478611089449,1.52482402421496,3654,2020-09-19,2020-09-25,2020-09-22
"Quebec","cases",246,252,1.40907413616741,0.0469638775108358,1.31981340534976,1.33338850062185,1.37694573224673,1.40766458886254,1.44037437222502,1.48788932789566,1.50427067883644,5966,2020-09-26,2020-10-02,2020-09-29
"Quebec","cases",253,259,1.1848174159939,0.0314168838725208,1.12528478816232,1.1342508675937,1.16292886836,1.18396989648881,1.205877865517,1.23790414079927,1.24814326733371,7821,2020-10-03,2020-10-09,2020-10-06
"Quebec","cases",260,266,0.932467620110276,0.0184890852111307,0.896034898384523,0.901766107097138,0.919747990251798,0.932708011866637,0.945115157641637,0.962624413039178,0.967998402355137,6924,2020-10-10,2020-10-16,2020-10-13
"Quebec","cases",267,273,0.997405086264208,0.0126010054728993,0.973444639199012,0.976948750366822,0.988759392102734,0.997271526778432,1.00579382191942,1.01820199020239,1.02253489365275,7208,2020-10-17,2020-10-23,2020-10-20
"Quebec","cases",274,280,0.985144970400767,0.0142202925059747,0.95729936063273,0.961772601879706,0.975437617995485,0.985229884606927,0.994731596926149,1.00850300513794,1.01275118892277,6726,2020-10-24,2020-10-30,2020-10-27
"Quebec","cases",281,287,1.0500225647566,0.0137062638579695,1.02341343595605,1.02758616025135,1.04076593932199,1.04985177568703,1.05928004205963,1.07264881512067,1.07676267925169,7237,2020-10-31,2020-11-06,2020-11-03
"Quebec","cases",288,294,1.15871929555016,0.0206591741711509,1.1184604390289,1.12478524739524,1.14473609877061,1.15857236989559,1.17267570563269,1.19283738442898,1.19930595313147,9006,2020-11-07,2020-11-13,2020-11-10
"Quebec","cases",295,301,0.950717157403067,0.0134573917249417,0.925259537829769,0.929274207389527,0.941352455713501,0.950319770078289,0.95958817451637,0.973724645295529,0.978145752893493,8504,2020-11-14,2020-11-20,2020-11-17
"Quebec","cases",302,308,1.01976683424332,0.0121034240003765,0.996263092060047,1.00000301604598,1.01156623087714,1.01971302388726,1.02796421017173,1.03987239956282,1.04364069412474,8464,2020-11-21,2020-11-27,2020-11-24
"Quebec","cases",309,315,1.08645756666679,0.0149865263537153,1.05688105190016,1.06204667629822,1.07622722182129,1.08638032732531,1.09648909795616,1.1113632351651,1.11598014116803,9714,2020-11-28,2020-12-04,2020-12-01
"Quebec","cases",316,322,1.15654798532813,0.0180343378177953,1.12199778058749,1.12722330704044,1.14423782063452,1.15640557524437,1.1686628200071,1.1864689196864,1.19255799576931,12146,2020-12-05,2020-12-11,2020-12-08
"Quebec","cases",323,329,1.04759619497286,0.0112474603517877,1.02605059354294,1.02941380095543,1.03996801926402,1.04750696658143,1.05507249888149,1.0661342659584,1.07006418346293,12778,2020-12-12,2020-12-18,2020-12-15
"Quebec","cases",330,336,0.983121170513691,0.0139141470888739,0.956086570534794,0.96022533031783,0.973761275078861,0.983100878019301,0.99253309549974,1.00593229385537,1.01031997479036,13071,2020-12-19,2020-12-25,2020-12-22
"Quebec","deaths",71,77,2.34600814086087,0.333484640246707,1.75420951505693,1.83398889248183,2.11672911721239,2.32806810935535,2.54952815587585,2.92851957316206,3.07297776078176,180,2020-04-04,2020-04-10,2020-04-07
"Quebec","deaths",78,84,1.95493944434473,0.13282542564526,1.69275939270537,1.73496850841003,1.86602934179065,1.95463028504606,2.04345145774627,2.17217863496828,2.21986488258937,447,2020-04-11,2020-04-17,2020-04-14
"Quebec","deaths",85,91,1.23978849449844,0.0635090079857677,1.12195762846954,1.13859225370037,1.19612657656124,1.23760787190496,1.28093814853936,1.34865059586364,1.37050773188392,652,2020-04-18,2020-04-24,2020-04-21
"Quebec","deaths",92,98,1.06729318158714,0.0418679989017844,0.987035964070547,0.999263225597389,1.03864048561379,1.06663566708236,1.09542207682713,1.13697966309644,1.15098068462295,682,2020-04-25,2020-05-01,2020-04-28
"Quebec","deaths",99,105,1.0227397915647,0.0394777558271761,0.945531219074083,0.958182296477099,0.996241875833389,1.02262545640543,1.04892676538873,1.08849372932899,1.10226977853674,703,2020-05-02,2020-05-08,2020-05-05
"Quebec","deaths",106,112,0.947078926110575,0.036786579641244,0.875935366582318,0.88674849804412,0.921985713730972,0.946459750884034,0.971961366881949,1.0080420803594,1.01975612713253,676,2020-05-09,2020-05-15,2020-05-12
"Quebec","deaths",113,119,0.750756608279169,0.0425972881999023,0.67084002964082,0.683458300444058,0.721410840268177,0.749109368554299,0.778393575279934,0.824254848600379,0.839361803367504,464,2020-05-16,2020-05-22,2020-05-19
"Quebec","deaths",120,126,1.06250713361969,0.0538935348348257,0.960276889502451,0.976051826309293,1.02555360969635,1.06131435243259,1.09829447575089,1.15298065094098,1.17101622183033,498,2020-05-23,2020-05-29,2020-05-26
"Quebec","deaths",127,133,1.01450104848252,0.0448566649832321,0.928139218811317,0.942223808467111,0.984065538258515,1.01407497271024,1.04446292179,1.0888674194931,1.10299426879139,572,2020-05-30,2020-06-05,2020-06-02
"Quebec","deaths",134,140,0.524653122514581,0.0467888221152295,0.438258448872611,0.451083017867231,0.492470654728372,0.52282730543445,0.554700462488293,0.604331505015619,0.620618048877115,213,2020-06-06,2020-06-12,2020-06-09
"Quebec","deaths",141,147,0.934393523197688,0.0645170723256491,0.812223352134649,0.831430535930188,0.890224976259079,0.932798767751929,0.977243144723219,1.04370996692638,1.06490116398541,227,2020-06-13,2020-06-19,2020-06-16
"Quebec","deaths",148,154,0.387095198887978,0.0474090713963399,0.300650046002155,0.313227990992507,0.353849699178729,0.384576986555732,0.417956203191891,0.469054042227078,0.485396657291507,73,2020-06-20,2020-06-26,2020-06-23
"Quebec","deaths",155,161,1.65363540945144,0.27609359720218,1.20845946751153,1.25978797640073,1.45245094023394,1.61869056249369,1.82597180376553,2.16311157100576,2.274753876568,112,2020-06-27,2020-07-03,2020-06-30
"Quebec","deaths",162,168,0.522603413451383,0.0769714030486591,0.383719146043838,0.403210275892272,0.468465800572582,0.518592076234641,0.57171371153915,0.654697057620277,0.683499420119817,52,2020-07-04,2020-07-10,2020-07-07
"Quebec","deaths",253,259,1.53872388410518,0.187673475347133,1.19468665607027,1.24456372712692,1.40855914994393,1.52991633738425,1.66119314584912,1.85964614921991,1.92551360763583,79,2020-10-03,2020-10-09,2020-10-06
"Quebec","deaths",260,266,1.07814232751621,0.120070455565218,0.855596096240888,0.888798316873906,0.995031954499002,1.07495481952771,1.15629640338757,1.28214249751273,1.3245720666735,81,2020-10-10,2020-10-16,2020-10-13
"Quebec","deaths",267,273,1.08122232176744,0.114705254263146,0.867320653717853,0.901422629020601,1.00182628730585,1.07729849547074,1.15552799643882,1.27689460197943,1.31902007255439,89,2020-10-17,2020-10-23,2020-10-20
"Quebec","deaths",274,280,1.20313915232198,0.110233801108561,0.996522062054776,1.02909532510773,1.12752066586268,1.1992875568874,1.27447087423624,1.39092152795849,1.43080501302488,125,2020-10-24,2020-10-30,2020-10-27
"Quebec","deaths",281,287,1.3274681123077,0.107839039652791,1.12521163063959,1.15568192467582,1.25292326031054,1.3236861404693,1.39806171494663,1.51067008989582,1.54944613480393,171,2020-10-31,2020-11-06,2020-11-03
"Quebec","deaths",288,294,1.08088365997733,0.0809847690071506,0.929092817174376,0.95206649036449,1.02468995275023,1.07965169987191,1.13301910314508,1.21793004599079,1.24593498932882,184,2020-11-07,2020-11-13,2020-11-10
"Quebec","deaths",295,301,1.01911114996571,0.0743036082819083,0.87862859044254,0.900308140174726,0.968075995084726,1.01755764811243,1.06770772596697,1.14353845164926,1.16862154894723,188,2020-11-14,2020-11-20,2020-11-17
"Quebec","deaths",302,308,1.06845776876768,0.0745870498263076,0.927736423428193,0.949061817480217,1.01731479003569,1.06714439537083,1.11786539026508,1.19378077194422,1.21985606574922,210,2020-11-21,2020-11-27,2020-11-24
"Quebec","deaths",309,315,0.962206224204866,0.0684859063641811,0.832013891955023,0.852312450785797,0.915508082507004,0.96094776539207,1.00730637594913,1.0778891953776,1.10042040603325,199,2020-11-28,2020-12-04,2020-12-01
"Quebec","deaths",316,322,1.16410017211451,0.0732413761783979,1.02463203500806,1.04632487704617,1.11401020335364,1.16259000674731,1.21257190065715,1.28767373076366,1.31084011355748,252,2020-12-05,2020-12-11,2020-12-08
"Quebec","deaths",323,329,0.948251835781685,0.0622760068688868,0.830539512603325,0.847720112429881,0.905345271141202,0.946829205748183,0.990241384809974,1.05241740645489,1.07358850248138,236,2020-12-12,2020-12-18,2020-12-15
"Quebec","deaths",330,336,1.02402849297983,0.0668270486131542,0.897209049849083,0.917255254597674,0.978506894305545,1.02236049594312,1.06825496288677,1.13608001044674,1.15915815296939,242,2020-12-19,2020-12-25,2020-12-22
"Saskatchewan","cases",57,63,1.73630354052285,0.242751082873289,1.30445590450293,1.36326770668715,1.56729084740973,1.72224445450693,1.89073646045012,2.15770720223715,2.25499580352599,78,2020-03-21,2020-03-27,2020-03-24
"Saskatchewan","cases",64,70,1.20594950536778,0.118456403214166,0.983975171256191,1.01856898553404,1.12420093302042,1.20230291308549,1.2832097338348,1.40695308731231,1.44932763926351,116,2020-03-28,2020-04-03,2020-03-31
"Saskatchewan","cases",71,77,0.726699037371029,0.0928792371098639,0.556659556125207,0.582242992477718,0.661424306226184,0.72238472096297,0.787144200220446,0.885712695106281,0.920378629844855,65,2020-04-04,2020-04-10,2020-04-07
"Saskatchewan","cases",92,98,1.85687376763606,0.234246679079385,1.42801671396788,1.48941140699715,1.69271087002294,1.84679224284893,2.00943855553281,2.25824712441676,2.34821144680198,74,2020-04-25,2020-05-01,2020-04-28
"Saskatchewan","cases",99,105,1.46443315586728,0.159865180202602,1.17449853626674,1.21643203015461,1.35278152901644,1.45762672658318,1.56674963801035,1.7395948476006,1.79419908096152,129,2020-05-02,2020-05-08,2020-05-05
"Saskatchewan","cases",148,154,1.00414296342138,0.134429548241906,0.758510248026627,0.795531905552201,0.909955834881251,0.998657328286889,1.09066918061433,1.23374877233459,1.28372179952735,60,2020-06-20,2020-06-26,2020-06-23
"Saskatchewan","cases",169,175,2.74568204685164,0.420173453909024,2.03545216807156,2.1291526805408,2.44833602841645,2.7085014651655,3.00272950138898,3.49400962761035,3.66920701749522,117,2020-07-11,2020-07-17,2020-07-14
"Saskatchewan","cases",176,182,1.57493386799647,0.126114048008214,1.33656069506582,1.37383950526411,1.48851543669051,1.57125734954324,1.65861468023501,1.78727544907293,1.83046894950848,167,2020-07-18,2020-07-24,2020-07-21
"Saskatchewan","cases",183,189,1.03563668046504,0.0782548847104843,0.890244830803717,0.911222104166439,0.981948072170271,1.03292233814054,1.08668863355226,1.167560443497,1.19487553369464,220,2020-07-25,2020-07-31,2020-07-28
"Saskatchewan","cases",190,196,0.512240380755273,0.059618317410831,0.402198428773893,0.417952971589953,0.471292019491099,0.509974476503606,0.550361323872682,0.614155101431056,0.636426075912604,88,2020-08-01,2020-08-07,2020-08-04
"Saskatchewan","cases",197,203,1.31883758573244,0.124230789107533,1.08613224525145,1.12279870935344,1.23204710994925,1.31560263611609,1.40213838257949,1.52723855359538,1.57178967316573,132,2020-08-08,2020-08-14,2020-08-11
"Saskatchewan","cases",204,210,0.454080057030441,0.0628363984731472,0.341018177062925,0.356987315010621,0.410039583240784,0.450800106690146,0.49405608755745,0.562075945151676,0.587337037141777,55,2020-08-15,2020-08-21,2020-08-18
"Saskatchewan","cases",225,231,1.42096877004978,0.211112448027274,1.03946721522936,1.09227749902045,1.27521869796043,1.40951943379212,1.55642322636379,1.78601568259474,1.86306889986504,50,2020-09-05,2020-09-11,2020-09-08
"Saskatchewan","cases",232,238,1.36784594492173,0.151611746961076,1.08986232978917,1.13030719645232,1.26238817844872,1.36060462749935,1.46697510207364,1.62662265819401,1.68109963460515,88,2020-09-12,2020-09-18,2020-09-15
"Saskatchewan","cases",239,245,0.841407730862928,0.101008421494855,0.654791795560665,0.681836947435508,0.771376636251354,0.837868758342324,0.907474052086438,1.01229641617146,1.04993237481376,68,2020-09-19,2020-09-25,2020-09-22
"Saskatchewan","cases",246,252,1.27832621125709,0.13171059048329,1.03280110861438,1.07055954712601,1.18667475687391,1.27463572384944,1.36413908133893,1.50304866280749,1.54979617734199,96,2020-09-26,2020-10-02,2020-09-29
"Saskatchewan","cases",253,259,1.12788165262942,0.116258364174163,0.911238395217203,0.942493129974479,1.04730674285399,1.12468092916381,1.20363608160198,1.32645420852177,1.36556540227837,94,2020-10-03,2020-10-09,2020-10-06
"Saskatchewan","cases",260,266,1.67674251072852,0.158549595630591,1.39059431291248,1.43336231966523,1.56505226224479,1.66812454011587,1.77974878997931,1.95230909953353,2.00862831712552,236,2020-10-10,2020-10-16,2020-10-13
"Saskatchewan","cases",267,273,1.31889388959479,0.0794496954145046,1.16713463384684,1.19074836170659,1.26423393063687,1.3180299509732,1.37152335416861,1.45089094757342,1.47712410853749,321,2020-10-17,2020-10-23,2020-10-20
"Saskatchewan","cases",274,280,1.279675925967,0.0640729775466213,1.15894560418061,1.17622224724244,1.23554420701033,1.27838735309575,1.3223752641309,1.38763122806382,1.4078882499224,475,2020-10-24,2020-10-30,2020-10-27
"Saskatchewan","cases",281,287,1.14594474995783,0.050814823917608,1.04890088853713,1.06374124003791,1.11105296868578,1.14526496241815,1.17982154841016,1.23180138139719,1.24695858263417,556,2020-10-31,2020-11-06,2020-11-03
"Saskatchewan","cases",288,294,1.27822394135264,0.0701091400054196,1.1479154937965,1.16753332015671,1.22930201824269,1.27647518357368,1.32480738500023,1.39707511479747,1.41959927582701,892,2020-11-07,2020-11-13,2020-11-10
"Saskatchewan","cases",295,301,1.20186776111218,0.0419656619040247,1.12136965178202,1.13413059353803,1.17316564763559,1.20128494912614,1.22956271323766,1.27232658869548,1.28699467550587,1283,2020-11-14,2020-11-20,2020-11-17
"Saskatchewan","cases",302,308,1.33382016075381,0.0368601802421617,1.2639151805509,1.2743812694287,1.30843933402906,1.33348022431913,1.35845180716322,1.39612620901305,1.40787808577134,1895,2020-11-21,2020-11-27,2020-11-24
"Saskatchewan","cases",309,315,1.03088068527033,0.026313977408122,0.979486761166532,0.987650527505184,1.01334276823326,1.03069773764056,1.0486569263162,1.07474276899469,1.0832743703444,1833,2020-11-28,2020-12-04,2020-12-01
"Saskatchewan","cases",316,322,1.04172683544419,0.0235906829054799,0.995669701206786,1.00313653210666,1.02582870808604,1.04156948177692,1.05754342968118,1.08061133662752,1.08878611959519,1944,2020-12-05,2020-12-11,2020-12-08
"Saskatchewan","cases",323,329,0.86335405106494,0.0239866551211355,0.817242305192429,0.824484377723237,0.847019704074364,0.863009020599958,0.879336057984227,0.903309544649442,0.911501169685567,1608,2020-12-12,2020-12-18,2020-12-15
"Saskatchewan","cases",330,336,0.747344279386585,0.02273828557721,0.70316403177757,0.710415793523162,0.731930400340467,0.747281208857218,0.762267845093895,0.785257452710232,0.792885645096813,1178,2020-12-19,2020-12-25,2020-12-22
"Canada","cases",43,49,2.90129122414762,0.346658731839762,2.25076541874335,2.34942119122107,2.6599544274679,2.89291309969707,3.12780241871785,3.48821318759562,3.60427711920733,142,2020-03-07,2020-03-13,2020-03-10
"Canada","cases",50,56,3.0329182452536,0.462715621059446,2.22635423357499,2.32933877105396,2.69802885700907,3.01568895664512,3.31868130975904,3.85020970129168,4.05294889897769,879,2020-03-14,2020-03-20,2020-03-17
"Canada","cases",57,63,2.64870198241267,0.338651900142854,2.02864816821198,2.1145208339789,2.40122156837903,2.65215551821054,2.8679132315087,3.22971206389867,3.35097343312904,3668,2020-03-21,2020-03-27,2020-03-24
"Canada","cases",64,70,1.7368938391649,0.0975337385982618,1.54504461630605,1.57352027765802,1.6711828523492,1.7386393588057,1.8046339709001,1.89111459585176,1.92903932612493,8221,2020-03-28,2020-04-03,2020-03-31
"Canada","cases",71,77,1.08072611145164,0.0269399299208649,1.03090247184438,1.037739510645,1.06148649262726,1.08012205229187,1.09915661573388,1.12601849489125,1.13450127941221,9735,2020-04-04,2020-04-10,2020-04-07
"Canada","cases",78,84,1.07960343556069,0.0113356507894356,1.0574213366422,1.06116374642619,1.07190342701096,1.07955595266594,1.08720421209264,1.09825765936204,1.10215965872967,10134,2020-04-11,2020-04-17,2020-04-14
"Canada","cases",85,91,1.1049550201758,0.020419626747903,1.06458108451428,1.07101591993063,1.0911405504572,1.10498098162502,1.11879778316043,1.13841989699655,1.14511399115418,11994,2020-04-18,2020-04-24,2020-04-21
"Canada","cases",92,98,0.965920103433681,0.0119665939802127,0.943741542303295,0.947005553502065,0.957641959314446,0.965415560346001,0.973708109398756,0.986577409694272,0.990759674944414,11326,2020-04-25,2020-05-01,2020-04-28
"Canada","cases",99,105,0.952803324698833,0.0104777521528634,0.932026893014344,0.935679269280948,0.945829829533277,0.952770410287979,0.959688452811665,0.970083221626643,0.973530389650299,11353,2020-05-02,2020-05-08,2020-05-05
"Canada","cases",106,112,0.819928234579989,0.0200107380728094,0.781012816883958,0.787506733730526,0.806309556645133,0.819729312850067,0.833513192298851,0.853148184653028,0.85908480663712,8304,2020-05-09,2020-05-15,2020-05-12
"Canada","cases",113,119,0.96430320087663,0.0128975044619973,0.938917768580166,0.942704193044127,0.955584209270946,0.964405458541098,0.973166123016211,0.985242560782165,0.989206065590546,8012,2020-05-16,2020-05-22,2020-05-19
"Canada","cases",120,126,0.892425046780927,0.0120604546507345,0.869246385313584,0.872810592828304,0.884285928303208,0.892270523802755,0.900540323306786,0.912528133906176,0.916404394632431,6979,2020-05-23,2020-05-29,2020-05-26
"Canada","cases",127,133,0.786039233718284,0.0177280443121141,0.753329646882479,0.758219531773363,0.773762328976018,0.785376548644238,0.797653940285323,0.816284426456098,0.822571230998999,5066,2020-05-30,2020-06-05,2020-06-02
"Canada","cases",134,140,0.77219090216361,0.0196588085934296,0.735769205432617,0.740974349597521,0.758443328535112,0.77155124447495,0.78529800681424,0.805529478286842,0.812093934634644,3657,2020-06-06,2020-06-12,2020-06-09
"Canada","cases",141,147,0.820153997060102,0.0267580605209481,0.769839107242812,0.777347086983854,0.801717181784176,0.819362074350498,0.837991447759352,0.86565096251523,0.874870937764879,2722,2020-06-13,2020-06-19,2020-06-16
"Canada","cases",148,154,0.849893747652886,0.0197244896259875,0.811126186326998,0.817585734274843,0.836479602895537,0.849941119989149,0.863209710634182,0.882416221431937,0.888563369593058,2242,2020-06-20,2020-06-26,2020-06-23
"Canada","cases",155,161,1.02556959667134,0.0243757338183551,0.979287937787763,0.98617384442656,1.00894927543472,1.02509217846475,1.04154440295961,1.06677515478165,1.07528248968506,2334,2020-06-27,2020-07-03,2020-06-30
"Canada","cases",162,168,0.93858259661349,0.0255692749281836,0.887791119277639,0.896136729528726,0.921435454236384,0.938738215389442,0.955746519659422,0.980750019555927,0.988502071425902,2018,2020-07-04,2020-07-10,2020-07-07
"Canada","cases",169,175,1.22309496662875,0.0367938399163951,1.15122611545262,1.16348997825226,1.19771064057406,1.22297828161245,1.2479908981967,1.28444224284742,1.29576989193339,2583,2020-07-11,2020-07-17,2020-07-14
"Canada","cases",176,182,1.23803622492103,0.0378731571084063,1.16344332548432,1.17468531722514,1.21227792926481,1.23854738259937,1.26394852874605,1.29989001399598,1.3117874988451,3582,2020-07-18,2020-07-24,2020-07-21
"Canada","cases",183,189,0.904952709347145,0.0207942150213795,0.865988539514361,0.871806817357326,0.890536341750287,0.904092124380176,0.918660572174256,0.940220893931709,0.947499648525871,3121,2020-07-25,2020-07-31,2020-07-28
"Canada","cases",190,196,0.907246163767091,0.0231223293322131,0.862216588882731,0.869332787194437,0.891582868632404,0.907076160153936,0.922949656167761,0.945481829512928,0.952715064325623,2616,2020-08-01,2020-08-07,2020-08-04
"Canada","cases",197,203,0.998099227756143,0.0205062878216393,0.959425713998088,0.965399299253163,0.984028941586843,0.997545572558198,1.01168072118995,1.03244197697808,1.03955253287485,2713,2020-08-08,2020-08-14,2020-08-11
"Canada","cases",204,210,1.01366723697559,0.0196007221128932,0.975563259540331,0.981992562371511,1.00039113457958,1.01348436211438,1.0267821812462,1.04631693514343,1.05247597067868,2710,2020-08-15,2020-08-21,2020-08-18
"Canada","cases",211,217,1.08436264060786,0.0216040636425057,1.04249938192678,1.04929796443275,1.06976944320601,1.08422956328126,1.09884296495136,1.11995295399971,1.12682643150318,3026,2020-08-22,2020-08-28,2020-08-25
"Canada","cases",218,224,1.1792212469784,0.0280614584672301,1.12408797743725,1.13272829382971,1.16028529094894,1.17942685064534,1.19819655987149,1.22513351333708,1.23406667795674,3776,2020-08-29,2020-09-04,2020-09-01
"Canada","cases",225,231,1.18686930033278,0.0252304313334436,1.13245939406747,1.14211892191635,1.17083695076469,1.1886344356268,1.20464249261661,1.22510906080938,1.23158797341206,4560,2020-09-05,2020-09-11,2020-09-08
"Canada","cases",232,238,1.27474007729623,0.0293301546376222,1.21862346311855,1.22680297064564,1.25471264486469,1.27442029406124,1.29426652313431,1.32359463192511,1.33424376485675,6378,2020-09-12,2020-09-18,2020-09-15
"Canada","cases",239,245,1.23128481359157,0.0311602915708834,1.17023390455164,1.1794306746038,1.21006154512041,1.23163414441743,1.25250124841142,1.28180094223274,1.29211128311653,8653,2020-09-19,2020-09-25,2020-09-22
"Canada","cases",246,252,1.29035907010815,0.0308205436119897,1.22804368025033,1.23835086761181,1.26977240669632,1.29151567688641,1.311597647593,1.33924669029654,1.34890510967751,12327,2020-09-26,2020-10-02,2020-09-29
"Canada","cases",253,259,1.18509704375564,0.0222540954773029,1.1411726704995,1.14769988944265,1.16984732569013,1.18559290798362,1.20044074483348,1.22107872477682,1.22769712900637,15566,2020-10-03,2020-10-09,2020-10-06
"Canada","cases",260,266,1.05169898086673,0.00972066865708681,1.03280718459632,1.03604382535405,1.04511036368549,1.05157278840658,1.05816533588808,1.06800720249702,1.07118099802017,16250,2020-10-10,2020-10-16,2020-10-13
"Canada","cases",267,273,1.05497751286848,0.010220562203749,1.03518712442592,1.03849038904937,1.04805168740036,1.05487837941443,1.06174707426943,1.07205484047232,1.07539642828422,17598,2020-10-17,2020-10-23,2020-10-20
"Canada","cases",274,280,1.11329642443728,0.0134898903667038,1.08747637589438,1.0912504693787,1.1040047295673,1.11318717311909,1.12237055416181,1.13572831376163,1.13999098951473,20374,2020-10-24,2020-10-30,2020-10-27
"Canada","cases",281,287,1.15456721129358,0.0150169521298126,1.12139243051051,1.12746793548178,1.14509120989648,1.15625030176291,1.16526186432636,1.17669427620056,1.17988838603521,23939,2020-10-31,2020-11-06,2020-11-03
"Canada","cases",288,294,1.21165425813446,0.0242780016058405,1.16529498060482,1.17240330077281,1.19507730655984,1.21141636735671,1.2280034554917,1.25137750213467,1.26137122700709,31829,2020-11-07,2020-11-13,2020-11-10
"Canada","cases",295,301,1.03889438400741,0.0104294388723381,1.01823198840277,1.02138255045154,1.03186715755654,1.03903719850177,1.04614242759028,1.05582220381834,1.05876323717089,33521,2020-11-14,2020-11-20,2020-11-17
"Canada","cases",302,308,1.09243987659151,0.00818389995068607,1.07634136080646,1.07886952659981,1.08695804119675,1.09250308185283,1.0979988675319,1.10580618023224,1.10825084906052,38558,2020-11-21,2020-11-27,2020-11-24
"Canada","cases",309,315,1.09338635859033,0.0110822829787664,1.07118479508913,1.07471600147428,1.08587548309804,1.0937023035123,1.10106295904931,1.11119951195833,1.11442256438456,43630,2020-11-28,2020-12-04,2020-12-01
"Canada","cases",316,322,1.04030201837621,0.00704507652801151,1.02662734990262,1.028772193415,1.03553003134118,1.04030585668617,1.04499261257715,1.05203236438988,1.05429040578023,46377,2020-12-05,2020-12-11,2020-12-08
"Canada","cases",323,329,1.01547343876289,0.004765184652022,1.00625876366066,1.00771814533654,1.01224510572503,1.01542408778753,1.01866834514984,1.02335985130044,1.02489021102032,46727,2020-12-12,2020-12-18,2020-12-15
"Canada","cases",330,336,0.863842630815789,0.00443212558632282,0.855185740702118,0.856523342538308,0.860829700819576,0.863845967904958,0.866851438943917,0.871114826894702,0.872533482645442,40421,2020-12-19,2020-12-25,2020-12-22
"Canada","deaths",64,70,2.953760405288,0.445893601322242,2.17714028626832,2.27506699753427,2.62483186783083,2.9231098672553,3.2532380075898,3.7342791735795,3.88482906288491,172,2020-03-28,2020-04-03,2020-03-31
"Canada","deaths",71,77,1.70856579377002,0.134234990855013,1.46088752731062,1.49675864461559,1.61399623070087,1.70347024786708,1.7963241031251,1.93791824572677,1.98502380466481,398,2020-04-04,2020-04-10,2020-04-07
"Canada","deaths",78,84,1.66340034519305,0.0936268997005779,1.4802041785462,1.50845509958326,1.59932796456187,1.66377153123284,1.72778166531824,1.81547027988802,1.84687118367759,761,2020-04-11,2020-04-17,2020-04-14
"Canada","deaths",85,91,1.19916992198615,0.0488368580814373,1.10642645319889,1.12061333404025,1.16599754573755,1.19802574919338,1.23168967009149,1.2811198257712,1.29796521096955,1038,2020-04-18,2020-04-24,2020-04-21
"Canada","deaths",92,98,1.08743590353768,0.0330845593590568,1.02346900070436,1.03320252825078,1.06507492477753,1.08687569733738,1.10982780186465,1.14225816345341,1.15280899189912,1135,2020-04-25,2020-05-01,2020-04-28
"Canada","deaths",99,105,1.03264955341133,0.032416645359161,0.970207810325704,0.979607549807003,1.01062860636917,1.0321321959671,1.05474973721196,1.08620085675041,1.09683152830729,1186,2020-05-02,2020-05-08,2020-05-05
"Canada","deaths",106,112,0.856487159945722,0.0287054784946749,0.801237088932842,0.810162564963093,0.836828181501114,0.856114592110435,0.875615856667793,0.904170133844469,0.914252237691182,997,2020-05-09,2020-05-15,2020-05-12
"Canada","deaths",113,119,0.758446413906653,0.037102585347527,0.689458024157525,0.699458386733358,0.73257766267218,0.757165727245344,0.783346195880168,0.821211699584009,0.833092542005606,687,2020-05-16,2020-05-22,2020-05-19
"Canada","deaths",120,126,1.02133957277284,0.043515276279589,0.937458801060269,0.950178813795696,0.991706504478651,1.02076243436953,1.05046532538561,1.0934915505475,1.10837425024531,711,2020-05-23,2020-05-29,2020-05-26
"Canada","deaths",127,133,0.960272757890038,0.0367812097490613,0.889486080214456,0.900389350475416,0.935286849959075,0.959780071479936,0.984637808260857,1.02182931946417,1.03335784440654,719,2020-05-30,2020-06-05,2020-06-02
"Canada","deaths",134,140,0.605655691237533,0.0399018333865328,0.530686257079601,0.541921700949951,0.578117512458454,0.604515163851839,0.631742808243623,0.67318306044323,0.686865816057737,351,2020-06-06,2020-06-12,2020-06-09
"Canada","deaths",141,147,0.841359021383607,0.0529311812302713,0.740247278787447,0.755820390195532,0.805167430489484,0.840615006243209,0.876579617544764,0.930390939257555,0.94757886131421,293,2020-06-13,2020-06-19,2020-06-16
"Canada","deaths",148,154,0.609047137373395,0.0499121712105081,0.516293886326741,0.529915762216912,0.574382344101796,0.607536622715629,0.641424430790715,0.693736567360804,0.711960683902219,164,2020-06-20,2020-06-26,2020-06-23
"Canada","deaths",155,161,1.10147474975163,0.11014346612312,0.902174266246746,0.930807734749383,1.0247583849767,1.09515905211585,1.17264849739517,1.29175170184497,1.33083283735243,156,2020-06-27,2020-07-03,2020-06-30
"Canada","deaths",162,168,0.654438876783413,0.0730316561242046,0.51949311419262,0.539743121936209,0.603438530306523,0.650955678003475,0.702178139592016,0.779327685318705,0.805353688967006,89,2020-07-04,2020-07-10,2020-07-07
"Canada","deaths",169,175,0.826545076268645,0.0976842113889027,0.648327090729913,0.673547171131973,0.758741242256023,0.823163296136277,0.889546595978151,0.992140348968656,1.02910894202492,73,2020-07-11,2020-07-17,2020-07-14
"Canada","deaths",183,189,1.30397486065369,0.185295370866425,0.972343152098833,1.01606208915413,1.17382746548848,1.29355095298237,1.42284151875532,1.62574612345317,1.69412478094134,57,2020-07-25,2020-07-31,2020-07-28
"Canada","deaths",197,203,1.3297829335119,0.18577227662693,0.989241375618583,1.03818186806112,1.19896718842432,1.32138134925598,1.45007564642466,1.64831991374037,1.71863197618626,51,2020-08-08,2020-08-14,2020-08-11
"Canada","deaths",239,245,1.17995634088957,0.166987463607698,0.875984056166809,0.921715636532575,1.06339974957664,1.17245218900348,1.28754015761181,1.468308193351,1.53252044185316,50,2020-09-19,2020-09-25,2020-09-22
"Canada","deaths",246,252,1.71215939683579,0.183446058949872,1.37226220823276,1.42209238989357,1.58494884475584,1.70619361768475,1.82949227272869,2.02713252747285,2.09224749724837,88,2020-09-26,2020-10-02,2020-09-29
"Canada","deaths",253,259,1.28582977221352,0.126582266560834,1.05173285037701,1.08832097486849,1.19807539428807,1.28112097011984,1.36700294143073,1.50118959747517,1.54860115260114,134,2020-10-03,2020-10-09,2020-10-06
"Canada","deaths",260,266,1.11081009095052,0.0936021026795427,0.935291681332116,0.961961181859011,1.04643402236031,1.10758879734387,1.17167543825406,1.26928614842668,1.30264143480139,143,2020-10-10,2020-10-16,2020-10-13
"Canada","deaths",267,273,1.11288879096716,0.0893612634410543,0.944883457378196,0.970417154419653,1.05115429819926,1.11057773842927,1.17199974646707,1.26474012114206,1.29419307700872,160,2020-10-17,2020-10-23,2020-10-20
"Canada","deaths",274,280,1.23326091014315,0.0860868699942157,1.07020883573428,1.09479071239057,1.17472125016502,1.23125762380914,1.29053401119922,1.37748667682785,1.40733582661604,224,2020-10-24,2020-10-30,2020-10-27
"Canada","deaths",281,287,1.37604395992554,0.0892092675364695,1.20648802761024,1.23239854635079,1.31501267303624,1.37422473055705,1.43493358962086,1.52558421143392,1.55615741497511,329,2020-10-31,2020-11-06,2020-11-03
"Canada","deaths",288,294,1.13241150327752,0.0592204741310358,1.01872389355341,1.03759590969276,1.09221466135928,1.1310500525368,1.17151023393209,1.23226738510753,1.25293314199636,387,2020-11-07,2020-11-13,2020-11-10
"Canada","deaths",295,301,1.18928372162194,0.0574350078669372,1.080915621753,1.09788527735914,1.14992615395025,1.18821550557827,1.22783233181014,1.28522792746781,1.30536885520702,495,2020-11-14,2020-11-20,2020-11-17
"Canada","deaths",302,308,1.1227213439551,0.0476714637660755,1.03082208941053,1.04597028563981,1.09026856908217,1.12196686035604,1.15472014841688,1.20195216894242,1.21809281974957,561,2020-11-21,2020-11-27,2020-11-24
"Canada","deaths",309,315,1.05695955009244,0.0438799970523639,0.973001397320047,0.98573216082585,1.0269907420496,1.05640324342373,1.08638456397203,1.1298413971951,1.14442269254768,611,2020-11-28,2020-12-04,2020-12-01
"Canada","deaths",316,322,1.1566896505797,0.0439929693779915,1.07178527816436,1.08514343749324,1.12672819861419,1.15629906047213,1.18615558252501,1.22963787650591,1.24452866135729,745,2020-12-05,2020-12-11,2020-12-08
"Canada","deaths",323,329,1.04032123259327,0.0381135768781126,0.96727310087485,0.979018424675921,1.0139811107578,1.03992212380373,1.06577688973865,1.1039767908151,1.1172788767384,788,2020-12-12,2020-12-18,2020-12-15
"Canada","deaths",330,336,0.891777300329632,0.0335324563767141,0.827424124044568,0.837520950845406,0.868968988743216,0.891276634788504,0.914295866440579,0.947417760623502,0.957961346326634,705,2020-12-19,2020-12-25,2020-12-22
